[
{
  "model": "sessions.session",
  "pk": "0b323mw44ooiy1wcp7vk3xl128oiz2uj",
  "fields": {
    "session_data": ".eJytzc8KgjAcAOB3-Z2H-K9teksIOtQhT2aIjDlzOZ1uMyLx3Qt6hc7f4VvBai6ZYpzrZXS1dcwJC-kKx3ZfDjN99YfTIOZLBulthcloLuzXQem7HAFBwxyDdFyUQjD1XNRcN6J-CiNbKcxPNhQQHCUY-yTwYkxiEkYVgrO5FmXelX7XZPm7ePxlSKgXBjsa0rjatg8b6UmJ:1vNQA6:M-Tt_8zsAuhKRthB_jHbTvhxLNPOhigfbBcwwdNIwE8",
    "expire_date": "2025-12-08T06:34:58.216Z"
  }
},
{
  "model": "sessions.session",
  "pk": "0z02c7f8z9sn2sh2ckay9akqbygx5xih",
  "fields": {
    "session_data": ".eJxVjEEOwiAQRe_C2hApBQaX7nsGwjCDVA0kpV0Z765NutDtf-_9lwhxW0vYOi9hJnERVpx-N4zpwXUHdI_11mRqdV1mlLsiD9rl1Iif18P9Oyixl28N3hOm7EdCGJkSagODPg9qdJkwGqIM3lqrHLPLGgwm9pCt0WyM8izeHwIPOGo:1vfC0G:JbcUM4iGN4c7ZTEe_XFFNAANWxLkQdPePnIADhv-Uog",
    "expire_date": "2026-01-26T07:06:16.838Z"
  }
},
{
  "model": "sessions.session",
  "pk": "12yiu9eajrd8estesfiduo4c2bh48qlx",
  "fields": {
    "session_data": ".eJxVjEEOwiAQRe_C2hApBQaX7nsGwjCDVA0kpV0Z765NutDtf-_9lwhxW0vYOi9hJnERVpx-N4zpwXUHdI_11mRqdV1mlLsiD9rl1Iif18P9Oyixl28N3hOm7EdCGJkSagODPg9qdJkwGqIM3lqrHLPLGgwm9pCt0WyM8izeHwIPOGo:1vRVu5:cJnDG89bX-pdRGkNiVV_27L_ma5ga-oMDB8K_u-NV-M",
    "expire_date": "2025-12-19T13:31:21.223Z"
  }
},
{
  "model": "sessions.session",
  "pk": "1u9blzs50k9o2nj23n8p47fp4vjmqltz",
  "fields": {
    "session_data": ".eJxVjEEOwiAQRe_C2hApBQaX7nsGwjCDVA0kpV0Z765NutDtf-_9lwhxW0vYOi9hJnERVpx-N4zpwXUHdI_11mRqdV1mlLsiD9rl1Iif18P9Oyixl28N3hOm7EdCGJkSagODPg9qdJkwGqIM3lqrHLPLGgwm9pCt0WyM8izeHwIPOGo:1vRkY1:2V2AOF_cKQVZU8LYvZ2FDpfvrEfhnk9IUvLdRIMxC90",
    "expire_date": "2025-12-20T05:09:33.690Z"
  }
},
{
  "model": "sessions.session",
  "pk": "1wxd42cmrvnxd1cxlysfs45h832b2dpw",
  "fields": {
    "session_data": ".eJxVjEEOwiAQRe_C2hApBQaX7nsGwjCDVA0kpV0Z765NutDtf-_9lwhxW0vYOi9hJnERVpx-N4zpwXUHdI_11mRqdV1mlLsiD9rl1Iif18P9Oyixl28N3hOm7EdCGJkSagODPg9qdJkwGqIM3lqrHLPLGgwm9pCt0WyM8izeHwIPOGo:1vaoP0:ufUehZMlsiYUyO2S18wmjZzXHPEoZUBH_Ww7JNV5vOQ",
    "expire_date": "2026-01-14T05:05:42.132Z"
  }
},
{
  "model": "sessions.session",
  "pk": "4alz8267iqmczk9ziuzo77i4rwx8x04v",
  "fields": {
    "session_data": ".eJxVjEEOwiAQRe_C2hApBQaX7nsGwjCDVA0kpV0Z765NutDtf-_9lwhxW0vYOi9hJnERVpx-N4zpwXUHdI_11mRqdV1mlLsiD9rl1Iif18P9Oyixl28N3hOm7EdCGJkSagODPg9qdJkwGqIM3lqrHLPLGgwm9pCt0WyM8izeHwIPOGo:1vfwo7:OkH8d4jp58K9Bdq67y4S402pDDvmS6uf0nSIGulLbDQ",
    "expire_date": "2026-01-28T09:04:51.546Z"
  }
},
{
  "model": "sessions.session",
  "pk": "4wqeiamcg4a5l4s9b7ky5no9xm4xuqqi",
  "fields": {
    "session_data": ".eJxVjEEOwiAQRe_C2hApBQaX7nsGwjCDVA0kpV0Z765NutDtf-_9lwhxW0vYOi9hJnERVpx-N4zpwXUHdI_11mRqdV1mlLsiD9rl1Iif18P9Oyixl28N3hOm7EdCGJkSagODPg9qdJkwGqIM3lqrHLPLGgwm9pCt0WyM8izeHwIPOGo:1vU1VZ:PjsrsiLM24w_LIBqG4-MLhvKxP8CHy2Dxe3qiPl9kfk",
    "expire_date": "2025-12-26T11:40:25.184Z"
  }
},
{
  "model": "sessions.session",
  "pk": "60olodh679bhfuvso20j0htvactahin8",
  "fields": {
    "session_data": ".eJyrVkrLL0rPL4lPzU3MzFGyUqpKTU0syirNM3BIB4noJefnKunAFOWXFACVmBiZGxoYoIjGl2TmpgKljAyMTHUNDXUNTUMMzayMDKxMTfUsTQ3NTM21DQysgJpqAWqoIhY:1vKJ1I:7Jh5CE7fyjA5UDwXY-eNGjokeFAH7qjFUy08keq08UE",
    "expire_date": "2025-11-29T16:21:00.060Z"
  }
},
{
  "model": "sessions.session",
  "pk": "7uc2xfxtgclq956n1wbon6sug0376e5l",
  "fields": {
    "session_data": ".eJxVjEEOwiAQRe_C2hApBQaX7nsGwjCDVA0kpV0Z765NutDtf-_9lwhxW0vYOi9hJnERVpx-N4zpwXUHdI_11mRqdV1mlLsiD9rl1Iif18P9Oyixl28N3hOm7EdCGJkSagODPg9qdJkwGqIM3lqrHLPLGgwm9pCt0WyM8izeHwIPOGo:1veQ7a:IaFrq6-YkxBPiGsvQPcvTzyqyqFQsV0FuTVh1VWvTtE",
    "expire_date": "2026-01-24T03:58:38.139Z"
  }
},
{
  "model": "sessions.session",
  "pk": "89grl4npqc63376uuri3060qwwcnjs2r",
  "fields": {
    "session_data": ".eJytVNluo0oQ_ZbhOXag2RpLV7rES-ItsQevjEaoA81iliY0YOPI_37bBieZaJSHO_Niq6uoqlOnTtUrR4kdoAjZNimS3KI5yjHlOq8cOASO-NSTwdjpKb5WcZ0fr1yaERtT5uci4gUJd8M5KEdcJymi6IZLQxtbNnGwVeIscAOc1Z7TjaAqKgRQhnxbkyUgasrPGw7TmTAOfX3maPPt1Fj_eQUJaEBqC7wkAuHn6eZzb5dXnbZzqVQGzjnDKxc4rKBHiBdhVhGladuOAsxiLg6BF0SoyIqsqpBvER_IiQSf4xcq0J0PeB-7vKRBlHsRyT2lzcJpu05WUJzZJMlZqrZNYo5hatBcq9Z9nb-z3p_v0N5BFTUUAWgSlFRe06AA2R-QZIF5I0Rzq2mtzsFow9aOBAl-S4sPeYasmk9W_cKyn-cp7dzeNrCuwC9oGdhj-lf7ZxmLv8soG3Lx_AUxOEZBxPw0SI-VzMv_emdDE3pxXqXEcOVZgRnE3PIR9VnQPlXil4kVLMTMdeTszk13EZ2zwATF-JqUPdPAzosMf6Az8sXfA75Ft3rXg8QekQXs7cRpKYUbvZzdr9TnrWsOQ_VhkU6OrjAYVseX45Nqv4wrxYz0f6imtGxWzAtKnFifEASIKeq6AwI8zzq9GhRZgKdTLbJfZZciSvckO0_kW5_vmnsSEkWiURw9CHPaP4Sr7W5ZPg3X68lavwdVSPrpb8Xmst8aUaO0r1hn6naDCFtBjLy3iIBayM5Za9cpMAMtUpzVqF0U0caYI9f9aGBAPOycsTS2WvRnnePrdeAud63Z-v91XxqtIMfJWPj5RP74YoG_7P-z3tKMMZFV9fPEDmPqk-SNmMvjg0abJnMS4uTXabIt-QDhevXeLU0IVyGgtXVeR2ra1aGPsqdMsXekilrEIaP7F8XuO_5uZCdpYgKfVsJm7PBzVZ0dFspyt3DUCNBqthk87gZi3q22SyzHaLRKHvFenKrFxnyU9OFdayyFlTVzlvhxsJmu4mmcObKyfLLSufd4eF5LOJuoQ-BZSxXejaM5tC28iJZmGW4G46NlxsqkN6Nma6WGhiFaseIskaHcdQNgzPutIbUcbGwj16hMY-GS_ais9n3pXtwPeuwzQziUuHRG_cIlWiXIojlD9pRiCHPsKvQ76bsLOnTdSToJw7IvadJS1gqtR-zUXrXICHW97Vh3JUP_vjUG84f7DZgGYr-Fcr9aVP5and1FeI_9labzbN-4hlyLYjvDbBM57rKBAdOKdd5MDvBAafFCi4cLXuoA2BFhmweyyZ1Op_8A-vCAIw:1vdghY:lWrMWZM-jZEfTPAZb6H_EjMtC5uHHMpjbXRFkQApfnw",
    "expire_date": "2026-01-22T03:28:44.104Z"
  }
},
{
  "model": "sessions.session",
  "pk": "8fg1cl9q4easzj5eu7th2tx63r6p3yx4",
  "fields": {
    "session_data": ".eJxVjEEOwiAQRe_C2hApBQaX7nsGwjCDVA0kpV0Z765NutDtf-_9lwhxW0vYOi9hJnERVpx-N4zpwXUHdI_11mRqdV1mlLsiD9rl1Iif18P9Oyixl28N3hOm7EdCGJkSagODPg9qdJkwGqIM3lqrHLPLGgwm9pCt0WyM8izeHwIPOGo:1vZ62r:eIo8U5Jhfu8lrUGfPoUZR5EhpT2UoxnRJlsNaF1YGRY",
    "expire_date": "2026-01-09T11:31:45.897Z"
  }
},
{
  "model": "sessions.session",
  "pk": "9wgt1sk5o88pwxaysgg2f779q2pnv94d",
  "fields": {
    "session_data": ".eJxVjEEOwiAQRe_C2hApBQaX7nsGwjCDVA0kpV0Z765NutDtf-_9lwhxW0vYOi9hJnERVpx-N4zpwXUHdI_11mRqdV1mlLsiD9rl1Iif18P9Oyixl28N3hOm7EdCGJkSagODPg9qdJkwGqIM3lqrHLPLGgwm9pCt0WyM8izeHwIPOGo:1ve9Dm:mwDei5Ju_CM4BkvvrxTpygXWBY_-405hyyZ4RfY3G0A",
    "expire_date": "2026-01-23T09:55:54.044Z"
  }
},
{
  "model": "sessions.session",
  "pk": "9xuj3mmag2hyrhdmxgz76fb3jcuufagc",
  "fields": {
    "session_data": ".eJxVjEEOwiAQRe_C2hApBQaX7nsGwjCDVA0kpV0Z765NutDtf-_9lwhxW0vYOi9hJnERVpx-N4zpwXUHdI_11mRqdV1mlLsiD9rl1Iif18P9Oyixl28N3hOm7EdCGJkSagODPg9qdJkwGqIM3lqrHLPLGgwm9pCt0WyM8izeHwIPOGo:1vVR5n:PxoPXgwqUMkm-nSudoXkVPBTxUIN-3diUwLV7kUWCN0",
    "expire_date": "2025-12-30T09:11:39.563Z"
  }
},
{
  "model": "sessions.session",
  "pk": "b9q1n3nhd5htvyfcttuo377qjxkz1f0s",
  "fields": {
    "session_data": ".eJxVjEEOwiAQRe_C2hApBQaX7nsGwjCDVA0kpV0Z765NutDtf-_9lwhxW0vYOi9hJnERVpx-N4zpwXUHdI_11mRqdV1mlLsiD9rl1Iif18P9Oyixl28N3hOm7EdCGJkSagODPg9qdJkwGqIM3lqrHLPLGgwm9pCt0WyM8izeHwIPOGo:1vYNXd:7e5w-oA1fjjOKnsMwBQdyLaAe41_k48TOjqVqHpp3ao",
    "expire_date": "2026-01-07T12:00:33.058Z"
  }
},
{
  "model": "sessions.session",
  "pk": "d30o9u1p0a29alnorhivlshg3s3xwgni",
  "fields": {
    "session_data": ".eJxVjEEOwiAQRe_C2hApBQaX7nsGwjCDVA0kpV0Z765NutDtf-_9lwhxW0vYOi9hJnERVpx-N4zpwXUHdI_11mRqdV1mlLsiD9rl1Iif18P9Oyixl28N3hOm7EdCGJkSagODPg9qdJkwGqIM3lqrHLPLGgwm9pCt0WyM8izeHwIPOGo:1vNTCe:tfCxnkwipeDrGk4861fMLw3GD3h27RndNCB12b2OHXY",
    "expire_date": "2025-12-08T09:49:48.894Z"
  }
},
{
  "model": "sessions.session",
  "pk": "dm3nepku4rpegyiu0khduoho1a0l91ug",
  "fields": {
    "session_data": ".eJxVjEEOwiAQRe_C2hApBQaX7nsGwjCDVA0kpV0Z765NutDtf-_9lwhxW0vYOi9hJnERVpx-N4zpwXUHdI_11mRqdV1mlLsiD9rl1Iif18P9Oyixl28N3hOm7EdCGJkSagODPg9qdJkwGqIM3lqrHLPLGgwm9pCt0WyM8izeHwIPOGo:1vPwoo:2fSt3X6Dcmq_qg0p-xiVjA1xdiXqbh29L7lkfuMdTo8",
    "expire_date": "2025-12-15T05:51:26.456Z"
  }
},
{
  "model": "sessions.session",
  "pk": "dv0ogyvzfnem4y791m4rf2m20va11891",
  "fields": {
    "session_data": ".eJxVjEEOwiAQRe_C2hApBQaX7nsGwjCDVA0kpV0Z765NutDtf-_9lwhxW0vYOi9hJnERVpx-N4zpwXUHdI_11mRqdV1mlLsiD9rl1Iif18P9Oyixl28N3hOm7EdCGJkSagODPg9qdJkwGqIM3lqrHLPLGgwm9pCt0WyM8izeHwIPOGo:1vfeY9:AvXzsWbJz5IW9HKCBqnKRh1wxsI1MU4nJWMhvssg17E",
    "expire_date": "2026-01-27T13:35:09.886Z"
  }
},
{
  "model": "sessions.session",
  "pk": "fid3mxa7qen0e1eugnaax6uykz5lrqj3",
  "fields": {
    "session_data": ".eJxVjUsKwzAQQ-8y61D8y6e-SinBONNkwLFLPM4m5O51KaV0JyQ96YCcPLngvE8l8pjZMWawx9nA19txowfhNOLqKICNJYRf6govGJm8Y0pxXJGXNNWF2wEfDfb_AyrLYGXfaTloIdSlbQetdAPPLe004VaJOaU5YK0Weg9IITqhTSvMoHql1dV00sB5P19S5z_X:1vK8RW:i-po15RfoW6PNBG9e2HFT_gSPF2zwJymXiatKK_v9v8",
    "expire_date": "2025-11-29T05:03:22.561Z"
  }
},
{
  "model": "sessions.session",
  "pk": "fij6ub1ynyl0i8pxzu8uyq05z02kwm1a",
  "fields": {
    "session_data": ".eJxVjEEOwiAQRe_C2hApBQaX7nsGwjCDVA0kpV0Z765NutDtf-_9lwhxW0vYOi9hJnERVpx-N4zpwXUHdI_11mRqdV1mlLsiD9rl1Iif18P9Oyixl28N3hOm7EdCGJkSagODPg9qdJkwGqIM3lqrHLPLGgwm9pCt0WyM8izeHwIPOGo:1vaW4g:BaJfVpEIzKChGO2BXNBPRCmaBb_ah1ugl1J0qVSXIDU",
    "expire_date": "2026-01-13T09:31:30.632Z"
  }
},
{
  "model": "sessions.session",
  "pk": "gnli3xeajm8kffyr8akejo7bnznv64me",
  "fields": {
    "session_data": ".eJxVjEEOwiAQRe_C2hApBQaX7nsGwjCDVA0kpV0Z765NutDtf-_9lwhxW0vYOi9hJnERVpx-N4zpwXUHdI_11mRqdV1mlLsiD9rl1Iif18P9Oyixl28N3hOm7EdCGJkSagODPg9qdJkwGqIM3lqrHLPLGgwm9pCt0WyM8izeHwIPOGo:1vgFtm:FV46c-XVDakMOt29AGwDXxLlMZozVFHRu4TlToHVKwM",
    "expire_date": "2026-01-29T05:27:58.604Z"
  }
},
{
  "model": "sessions.session",
  "pk": "hmvu2iltaqd1i7rq134rmvi8zuvvxqk4",
  "fields": {
    "session_data": ".eJxVjEEOwiAQRe_C2hApBQaX7nsGwjCDVA0kpV0Z765NutDtf-_9lwhxW0vYOi9hJnERVpx-N4zpwXUHdI_11mRqdV1mlLsiD9rl1Iif18P9Oyixl28N3hOm7EdCGJkSagODPg9qdJkwGqIM3lqrHLPLGgwm9pCt0WyM8izeHwIPOGo:1vOqA1:F0nTE6gAJzo4kSwHN4Gfo6Hxla_0LbvKye2pT20rGH0",
    "expire_date": "2025-12-12T04:32:45.999Z"
  }
},
{
  "model": "sessions.session",
  "pk": "hrxebmp3ef0nbybl3w73tl78o5bdjsf4",
  "fields": {
    "session_data": ".eJxVjEEOwiAQRe_C2hApBQaX7nsGwjCDVA0kpV0Z765NutDtf-_9lwhxW0vYOi9hJnERVpx-N4zpwXUHdI_11mRqdV1mlLsiD9rl1Iif18P9Oyixl28N3hOm7EdCGJkSagODPg9qdJkwGqIM3lqrHLPLGgwm9pCt0WyM8izeHwIPOGo:1vSkUe:xu_7x6MxkNinmTa_q9VGB2sMEzNWuX5ONd6ac3SnQBM",
    "expire_date": "2025-12-22T23:18:12.323Z"
  }
},
{
  "model": "sessions.session",
  "pk": "hxsgmvdw81f8ari2t81bppal5giauub8",
  "fields": {
    "session_data": ".eJxVjEEOwiAQRe_C2hApBQaX7nsGwjCDVA0kpV0Z765NutDtf-_9lwhxW0vYOi9hJnERVpx-N4zpwXUHdI_11mRqdV1mlLsiD9rl1Iif18P9Oyixl28N3hOm7EdCGJkSagODPg9qdJkwGqIM3lqrHLPLGgwm9pCt0WyM8izeHwIPOGo:1vQkBv:ubypH1d890oZSpEhXH_qATxG40H9oJgkDdDZi1IqOKY",
    "expire_date": "2025-12-17T10:34:35.194Z"
  }
},
{
  "model": "sessions.session",
  "pk": "iccxovyh6ypc2bqmfg5t37z4x6yn6lk1",
  "fields": {
    "session_data": ".eJxVjEEOgyAQRe_CuiGjiIMuu-8ZyACD0hpIRFdN715NXLTb_977b2Fp32a7V15tCmIUTS9uv6Mj_-J8kvCkPBXpS97W5OSpyItW-SiBl_vl_h3MVOejjjzogF6TN1ETYKfb2HIE1Ng4NB0CKNNApODCoJg7g8po7mE4QmXgOE3VLmWaOKQsxm3d-fMFbPo-gg:1vclbf:3LuMGb7c14IEnML8wO3Zh-2ybJh9vqZhf6TE0Fqt10I",
    "expire_date": "2026-01-19T14:30:51.337Z"
  }
},
{
  "model": "sessions.session",
  "pk": "j8f6kaztign7p7yllzqcaeu5pa3wr1g3",
  "fields": {
    "session_data": ".eJxVjEEOwiAQRe_C2hApBQaX7nsGwjCDVA0kpV0Z765NutDtf-_9lwhxW0vYOi9hJnERVpx-N4zpwXUHdI_11mRqdV1mlLsiD9rl1Iif18P9Oyixl28N3hOm7EdCGJkSagODPg9qdJkwGqIM3lqrHLPLGgwm9pCt0WyM8izeHwIPOGo:1vMkp5:aOweEZaPE3xVk7EXXRealVKWWCpcKOb7oo9iBcJB1fE",
    "expire_date": "2025-12-06T10:26:31.030Z"
  }
},
{
  "model": "sessions.session",
  "pk": "jm01kiejrdtp8686cwmakoigj3os884a",
  "fields": {
    "session_data": ".eJxVjEEOwiAQRe_C2hApBQaX7nsGwjCDVA0kpV0Z765NutDtf-_9lwhxW0vYOi9hJnERVpx-N4zpwXUHdI_11mRqdV1mlLsiD9rl1Iif18P9Oyixl28N3hOm7EdCGJkSagODPg9qdJkwGqIM3lqrHLPLGgwm9pCt0WyM8izeHwIPOGo:1vccVX:mblMwiRR6k_iwxfwya834QwtGesXUhoj4h3Gt1SuM0o",
    "expire_date": "2026-01-19T04:47:55.803Z"
  }
},
{
  "model": "sessions.session",
  "pk": "jy0b25isfr661mtp07zfz822fjvlmhna",
  "fields": {
    "session_data": ".eJxVjEEOwiAQRe_C2hApBQaX7nsGwjCDVA0kpV0Z765NutDtf-_9lwhxW0vYOi9hJnERVpx-N4zpwXUHdI_11mRqdV1mlLsiD9rl1Iif18P9Oyixl28N3hOm7EdCGJkSagODPg9qdJkwGqIM3lqrHLPLGgwm9pCt0WyM8izeHwIPOGo:1vVPGH:TYKn_AFC40B1iipBqC46Hn-ucTgQoqna8el6UAzbZUQ",
    "expire_date": "2025-12-30T07:14:21.858Z"
  }
},
{
  "model": "sessions.session",
  "pk": "k0he2orx075d03fzjuktxsbht3f3gr0o",
  "fields": {
    "session_data": ".eJxVjEEOwiAQRe_C2hApBQaX7nsGwjCDVA0kpV0Z765NutDtf-_9lwhxW0vYOi9hJnERVpx-N4zpwXUHdI_11mRqdV1mlLsiD9rl1Iif18P9Oyixl28N3hOm7EdCGJkSagODPg9qdJkwGqIM3lqrHLPLGgwm9pCt0WyM8izeHwIPOGo:1vSd8Q:nBoeaANncHQPB7Jkb2QS9xXbloWhbHk8h82BQezOFos",
    "expire_date": "2025-12-22T15:26:46.623Z"
  }
},
{
  "model": "sessions.session",
  "pk": "kwd01ths15e994u46d3o980fvu8xldjb",
  "fields": {
    "session_data": ".eJxVjk1LxDAYhP_Ley4lbdJs0qPgSTwoCAsi4c1Ht2lLUppUwaX_3SzuQY8zz8wwV1C451HtyW3KW-iBQ_XX02hmF27AThgusTYx5M3r-hap7zTVz9G65eGe_TcwYhpLuxWWaCtboQlxYiCad5pRi1RQ3THEpuiOaSkZtkKak5YNIbzVnA6DtY6W0RSNxwWNiXvIKmXMLkF_hbM9T-3X-v3yND2-vYoZ-vcrrFs0LhUOS7z4UOoWM0If9mWpYJ2NU6Z8Vp9u84N32y85qubEKW2YJF3dMVr-8o_j-AEZnmEJ:1vKgkz:iQyXb6-ul8O-HgcE3hXrwbkroJYjxeWpEEVtCxc1l80",
    "expire_date": "2025-11-30T17:41:45.544Z"
  }
},
{
  "model": "sessions.session",
  "pk": "kxyao3fjzu13d9k7twafkyz1tcxmvs07",
  "fields": {
    "session_data": ".eJxVjEEOwiAQRe_C2hApBQaX7nsGwjCDVA0kpV0Z765NutDtf-_9lwhxW0vYOi9hJnERVpx-N4zpwXUHdI_11mRqdV1mlLsiD9rl1Iif18P9Oyixl28N3hOm7EdCGJkSagODPg9qdJkwGqIM3lqrHLPLGgwm9pCt0WyM8izeHwIPOGo:1vacQU:c5iRU3HorAW3fvztVHPAtXNrn6gwuNtdVeQxwV66gMc",
    "expire_date": "2026-01-13T16:18:26.833Z"
  }
},
{
  "model": "sessions.session",
  "pk": "ln8p5kjxt4bpspspszccqpsqiuv0jh9q",
  "fields": {
    "session_data": ".eJxVjEEOgjAQRe_StWmQAu2wdO8ZmunMFKqkTSisjHdXEha6_e_991Ie9232e5XVJ1ajcuryuwWkp-QD8APzVDSVvK0p6EPRJ636XliW2-n-BWas8_EGGYwdrAUXbQzGSG-JCQTsQD3FjlsJV-fQhAgNRAPoDDRdx9RiE-QbTdUvZZqEU1bjtu7y_gBk5D9U:1vKuSJ:7-nsbJfWRAsnK7ADxeOLtyAJ3Br7w2JQn6Fviha9LiA",
    "expire_date": "2025-12-01T08:19:23.612Z"
  }
},
{
  "model": "sessions.session",
  "pk": "miu9ta4f3hy3dbrsrw9m7fthxkflfu65",
  "fields": {
    "session_data": ".eJyt0ctugkAYQOF3mTUhw8_ccKeotaYupC0BG2NGGBWlM4SLaIzv3mn6CGV9Ft_iPFBjskKWMstMp9td08pWNWj0QDfTy3DWQxXiaJKnGI2-HqiqTaYa21FpjoVGDsplK9FId2XpoOqSqV1mcrW7qro4FKr-K0_H48wPGKFAXUawoLB10HIRplPvvEzVqU0m9_UAAPM4uEAZw5RZoRwfk9N8pZN-RedRuhhCAOAu5sAFp1aI54V-i79FlBgc6s_jIIJPXIIDjokF3tV0j5v2Vsuu-zgYfwiACM8V2OMeDaxwL142Yjy-9PtD5wvTDSAEQMDFjAL8ArBo1tFmps-b-PWSX6v_AxwL-9kXXNjR2-fzB-mi5Wc:1vNRP6:T4UsDyO6DVg09W38K4h8sPFUNoMkq5NB0nor1iFTAdw",
    "expire_date": "2025-12-08T07:54:32.388Z"
  }
},
{
  "model": "sessions.session",
  "pk": "nohq5hso99w6c44tuogew3x35nyjpd51",
  "fields": {
    "session_data": ".eJxVjEEOwiAQRe_C2hApBQaX7nsGwjCDVA0kpV0Z765NutDtf-_9lwhxW0vYOi9hJnERVpx-N4zpwXUHdI_11mRqdV1mlLsiD9rl1Iif18P9Oyixl28N3hOm7EdCGJkSagODPg9qdJkwGqIM3lqrHLPLGgwm9pCt0WyM8izeHwIPOGo:1vUlQN:U_i0Cg-aHg2G3fPm9WeRaLn4K4cADLXnjPbW3YJp8hE",
    "expire_date": "2025-12-28T12:42:07.398Z"
  }
},
{
  "model": "sessions.session",
  "pk": "nsa9ureunvrr7r4l0l2ysgmfdjusxqg5",
  "fields": {
    "session_data": ".eJytzd0KgjAYgOF7-Y5FcpuzPIzowFLoD_tBZM0VI9nMTTPEe0_oFjx74T14ejCaS1YyznWjbG4ss8JA2IP5JiJdk21k4o1ddQcIbz1UtebCjB9K_ZQKHCiYZRCqpiwdqF5c5FwXIm9FLR9S1P8zOF5AMfYIwYHrjeHTzAFr9aeOk_NSXiO8O3qTABS5BJE5WfijoC7tXbXFiZIuRWj_nkIIkO9SNPMJzobhB3_aaCU:1vKgi5:GwRP5uOK9VE2ghRN8AG3ndqcxIP_heImjVzQRzkS15o",
    "expire_date": "2025-11-30T17:38:45.621Z"
  }
},
{
  "model": "sessions.session",
  "pk": "os8iffnzw9kzt7srey4cjeujuk2g9e4n",
  "fields": {
    "session_data": ".eJytzcEKgjAYAOB3-c9Dlr_T9JZ1sEMQdbIIGfO3VsOJm0GK757QK3T-Dt8EziotjVTKDq2vnJeeHGQTpGVMh_y43m1KfsZPA9l1gq63itziYOxdt8Cgll5C1g7GMOheiipla6re1OtGU_-Tma2SGDHmXEQBxwR5KG4MLrLzp3HLC71_Fslj_MMQ8hQDgUJEyzDPX1wQSGg:1vKt25:LriEThc70eu1tJlFzVrmcE3ovi1kijMeFKzrKzHRH8M",
    "expire_date": "2025-12-01T06:48:13.535Z"
  }
},
{
  "model": "sessions.session",
  "pk": "p6clzyrqievdv6fft8uzm82sghostymo",
  "fields": {
    "session_data": ".eJxVjEEOwiAQRe_C2hApBQaX7nsGwjCDVA0kpV0Z765NutDtf-_9lwhxW0vYOi9hJnERVpx-N4zpwXUHdI_11mRqdV1mlLsiD9rl1Iif18P9Oyixl28N3hOm7EdCGJkSagODPg9qdJkwGqIM3lqrHLPLGgwm9pCt0WyM8izeHwIPOGo:1va4dR:KYUzBK-CFVEicx8-21yaYNbD2ILWMmD9lFpiBUTjwlg",
    "expire_date": "2026-01-12T04:13:33.208Z"
  }
},
{
  "model": "sessions.session",
  "pk": "pdmuqm4x8vvt6znln5vvtbuy8huv455r",
  "fields": {
    "session_data": ".eJxVjEEOwiAQRe_C2hApBQaX7nsGwjCDVA0kpV0Z765NutDtf-_9lwhxW0vYOi9hJnERVpx-N4zpwXUHdI_11mRqdV1mlLsiD9rl1Iif18P9Oyixl28N3hOm7EdCGJkSagODPg9qdJkwGqIM3lqrHLPLGgwm9pCt0WyM8izeHwIPOGo:1vdgxr:-u_XFlli0P3cekysx3wTJMGj3ZkGr1DC8VmX_lRk5QA",
    "expire_date": "2026-01-22T03:45:35.341Z"
  }
},
{
  "model": "sessions.session",
  "pk": "q8ra4zg318tpo3c8vs96f4x34gflxiwp",
  "fields": {
    "session_data": ".eJxVjEEOwiAQRe_C2hBsgTJduvcMZIaBFjWQlHZlvLtt0oVu_3v_vYXHbZ391uLiM4tRDOLyuxGGZywH4AeWqcpQy7pkkociT9rkvXJ83U73LzBjm_e3VdfOKIpoLMdkle4RSEMwvUNFYDQ7AEsDQUCnewoWTKe5Ty4lhi7t0dz8q05T5FzEuC5b_HwBQUs-3w:1vSrKl:yLt82UALeblnwYReF_gJc7HjpzqLq6wDLFD-I1lwqS4",
    "expire_date": "2025-12-23T06:36:27.991Z"
  }
},
{
  "model": "sessions.session",
  "pk": "qgxp3g78zd7na9e95fvivkqk3v02mk1i",
  "fields": {
    "session_data": ".eJxVjstqwzAURP_lro2JYuvlZRfZlC4K2YRShB5XsRpXMpZcCsb_XoVm0W7nzBlmA6XXMqo146KCgwEYNH8zo-0N4x24Dx2vqbUpliWY9l5pHzS3L8nh9PTo_hsYdR6rLaR0xnrZOyN6dNZ0VBy7w5H03DujqXNeSMYY4Yjcd4Iai1J4RjuklEisoznZoCdtbVpjUbnoghmGDdiFnE-z_2bny-drcc8wvG0wL8lirhymdA2x6k4XDUNcp6mB-WZR2fpZfeESfMDll-wN4Uz0nAvCW84pOYj3ff8BEc9hRQ:1vgLrl:y4ssB_va31AOQtVMJUyJC-XVXrkm44h8fQKBGzM7_0c",
    "expire_date": "2026-01-29T11:50:17.775Z"
  }
},
{
  "model": "sessions.session",
  "pk": "qj90tzs312uzgubrp1t6j85ipprs254v",
  "fields": {
    "session_data": ".eJxVjDsOwyAQBe9CHSHAfITL9DkDWti1TWKBZHBl5e6JJRdJ-2beHCzA3pewN9pCRjYy6dntd4yQXlROgk8oc-Wplr7lyE-FX7TxR0Va75f7F1igLeebwII0pJzTg1Fg0oBislr65FFrJfREZKSI0qkEaHAgaT0K7yJ5a_U3mltY6zwT5sLGvu30_gBtSj7F:1vfwvc:hVNY9fCNNht5O0xum85EtsKM9-JVZxiRvZRbdm-0q4A",
    "expire_date": "2026-01-28T09:12:36.693Z"
  }
},
{
  "model": "sessions.session",
  "pk": "rr6lv2xxqni0noj3ac0758yy86id06gy",
  "fields": {
    "session_data": ".eJxVjEEOwiAQRe_C2hApBQaX7nsGwjCDVA0kpV0Z765NutDtf-_9lwhxW0vYOi9hJnERVpx-N4zpwXUHdI_11mRqdV1mlLsiD9rl1Iif18P9Oyixl28N3hOm7EdCGJkSagODPg9qdJkwGqIM3lqrHLPLGgwm9pCt0WyM8izeHwIPOGo:1vNkMY:lrC08hpAqq6CcShGzLABxn9WP2E1yr0F1bB--jJfROo",
    "expire_date": "2025-12-09T04:09:10.433Z"
  }
},
{
  "model": "sessions.session",
  "pk": "s7eyqom9cudpz06virytb8en826v5tvq",
  "fields": {
    "session_data": ".eJxVjEEOwiAQRe_C2hApBQaX7nsGwjCDVA0kpV0Z765NutDtf-_9lwhxW0vYOi9hJnERVpx-N4zpwXUHdI_11mRqdV1mlLsiD9rl1Iif18P9Oyixl28N3hOm7EdCGJkSagODPg9qdJkwGqIM3lqrHLPLGgwm9pCt0WyM8izeHwIPOGo:1vaiWF:dbi4PXHoIUZmdRkBQixTRmMEdqRraW39m7F-AIKzGkg",
    "expire_date": "2026-01-13T22:48:47.113Z"
  }
},
{
  "model": "sessions.session",
  "pk": "sa70590hjkauw49wru5klh6b5jwmmpve",
  "fields": {
    "session_data": ".eJxVjEEOwiAQRe_C2hApBQaX7nsGwjCDVA0kpV0Z765NutDtf-_9lwhxW0vYOi9hJnERVpx-N4zpwXUHdI_11mRqdV1mlLsiD9rl1Iif18P9Oyixl28N3hOm7EdCGJkSagODPg9qdJkwGqIM3lqrHLPLGgwm9pCt0WyM8izeHwIPOGo:1vTaAu:V2oPFZxGObDQ-KI9CMO44ycsztgvn_KWUfM8K5dfV-8",
    "expire_date": "2025-12-25T06:29:16.236Z"
  }
},
{
  "model": "sessions.session",
  "pk": "sfpxi5wj8d0ntggz1u6qwln4lvqj5no6",
  "fields": {
    "session_data": ".eJxVjEEOwiAQRe_C2hApBQaX7nsGwjCDVA0kpV0Z765NutDtf-_9lwhxW0vYOi9hJnERVpx-N4zpwXUHdI_11mRqdV1mlLsiD9rl1Iif18P9Oyixl28N3hOm7EdCGJkSagODPg9qdJkwGqIM3lqrHLPLGgwm9pCt0WyM8izeHwIPOGo:1vR0rq:6l7Yz86D5GK5T-nMKyh3VhLftXw3hC3bHiVSyL6ZTHY",
    "expire_date": "2025-12-18T04:22:58.122Z"
  }
},
{
  "model": "sessions.session",
  "pk": "stjkcamofy08yg0yq9rnbkcp5pm9z1il",
  "fields": {
    "session_data": ".eJxVjEEOgyAQRe_CuiGjiIMuu-8ZyACD0hpIRFdN715NXLTb_977b2Fp32a7V15tCmIUTS9uv6Mj_-J8kvCkPBXpS97W5OSpyItW-SiBl_vl_h3MVOejjjzogF6TN1ETYKfb2HIE1Ng4NB0CKNNApODCoJg7g8po7mE4QmXgOE3VLmWaOKQsxm3d-fMFbPo-gg:1vd5vU:fwsr7wzHXQTh1Fb6Tec7HEI4ipHb1q3e0EdXdjOFEQI",
    "expire_date": "2026-01-20T12:12:40.029Z"
  }
},
{
  "model": "sessions.session",
  "pk": "uay5owbdd1gev34xnggoezfpom100af1",
  "fields": {
    "session_data": ".eJxVjEEOwiAQRe_C2hBsgTJduvcMZIaBFjWQlHZlvLtt0oVu_3v_vYXHbZ391uLiM4tRDOLyuxGGZywH4AeWqcpQy7pkkociT9rkvXJ83U73LzBjm_e3VdfOKIpoLMdkle4RSEMwvUNFYDQ7AEsDQUCnewoWTKe5Ty4lhi7t0dz8q05T5FzEuC5b_HwBQUs-3w:1vSrL4:U1UshcucD9exKDhOPMsO3_dNFRVjj2q1P24D3jbEzCU",
    "expire_date": "2025-12-23T06:36:46.072Z"
  }
},
{
  "model": "sessions.session",
  "pk": "vmni6g6vpg1q7qw0ybt9wp8j1a3ulm8k",
  "fields": {
    "session_data": ".eJxVjEEOwiAQRe_C2hApBQaX7nsGwjCDVA0kpV0Z765NutDtf-_9lwhxW0vYOi9hJnERVpx-N4zpwXUHdI_11mRqdV1mlLsiD9rl1Iif18P9Oyixl28N3hOm7EdCGJkSagODPg9qdJkwGqIM3lqrHLPLGgwm9pCt0WyM8izeHwIPOGo:1vUNb8:xX74lwF_AQeTnfJ6nbp_I9xB8GB8fjXn1jmKLoU4wMQ",
    "expire_date": "2025-12-27T11:15:38.685Z"
  }
},
{
  "model": "sessions.session",
  "pk": "vvvcbur1ivfs1ucru83tapsf28x88cq1",
  "fields": {
    "session_data": ".eJxVjEEOwiAQRe_C2hApBQaX7nsGwjCDVA0kpV0Z765NutDtf-_9lwhxW0vYOi9hJnERVpx-N4zpwXUHdI_11mRqdV1mlLsiD9rl1Iif18P9Oyixl28N3hOm7EdCGJkSagODPg9qdJkwGqIM3lqrHLPLGgwm9pCt0WyM8izeHwIPOGo:1vVHUU:-pdnTtRNFHxGD--KRyv6pOeMxfE8gQU075B4iDg1acw",
    "expire_date": "2025-12-29T22:56:30.953Z"
  }
},
{
  "model": "sessions.session",
  "pk": "wmps074ppops4xvjjub6uf7rcdoe51x2",
  "fields": {
    "session_data": ".eJxVjEEOwiAQRe_C2hApBQaX7nsGwjCDVA0kpV0Z765NutDtf-_9lwhxW0vYOi9hJnERVpx-N4zpwXUHdI_11mRqdV1mlLsiD9rl1Iif18P9Oyixl28N3hOm7EdCGJkSagODPg9qdJkwGqIM3lqrHLPLGgwm9pCt0WyM8izeHwIPOGo:1vV8IS:smgroUFLHUKNb2UYezWxRvmaLJCIIEvzEYNwlIDU2Js",
    "expire_date": "2025-12-29T13:07:28.607Z"
  }
},
{
  "model": "sessions.session",
  "pk": "x1zxl7ek0ij9vz9zbqvt8lyfa8bdou10",
  "fields": {
    "session_data": ".eJxVjEEOwiAQRe_C2hApBQaX7nsGwjCDVA0kpV0Z765NutDtf-_9lwhxW0vYOi9hJnERVpx-N4zpwXUHdI_11mRqdV1mlLsiD9rl1Iif18P9Oyixl28N3hOm7EdCGJkSagODPg9qdJkwGqIM3lqrHLPLGgwm9pCt0WyM8izeHwIPOGo:1vZmJv:xwonhLfiRpaWKW8D2t0o7IBwSgO8p992Pf96tHSUJ3I",
    "expire_date": "2026-01-11T08:40:11.386Z"
  }
},
{
  "model": "sessions.session",
  "pk": "xjffdj1ecun514eplw250ynoe0c42gn8",
  "fields": {
    "session_data": ".eJxVjEEOwiAQRe_C2hApBQaX7nsGwjCDVA0kpV0Z765NutDtf-_9lwhxW0vYOi9hJnERVpx-N4zpwXUHdI_11mRqdV1mlLsiD9rl1Iif18P9Oyixl28N3hOm7EdCGJkSagODPg9qdJkwGqIM3lqrHLPLGgwm9pCt0WyM8izeHwIPOGo:1vO7xB:9x_VxAPqTS4bkiTlAbC869zXNMdLwIKHPzZslAo5H1o",
    "expire_date": "2025-12-10T05:20:33.018Z"
  }
},
{
  "model": "authenticate.customuser",
  "fields": {
    "password": "pbkdf2_sha256$1000000$UZSRkqIVueDIHmvm06OHwz$n0sF18gu0q3FbIIw2oxbVV+vi7ZS6OEfQvMYaJkCvXM=",
    "last_login": null,
    "fullname": "Test",
    "email": "test@gmail.com",
    "profile_image": null,
    "is_active": true,
    "is_superuser": false,
    "is_staff": false,
    "is_loggedin": true,
    "joined_date": "2025-11-19",
    "groups": [],
    "user_permissions": []
  }
},
{
  "model": "authenticate.customuser",
  "fields": {
    "password": "pbkdf2_sha256$1000000$OjPMvFSNOccRRoqDwpPWqS$Mg3XBCSmLMWaqSipcss5wbJ6hs/pO1hcCqYybgSglsw=",
    "last_login": "2025-11-14T11:43:04.774Z",
    "fullname": "vishnu",
    "email": "vd@mailsac.com",
    "profile_image": null,
    "is_active": true,
    "is_superuser": false,
    "is_staff": false,
    "is_loggedin": false,
    "joined_date": "2025-11-20",
    "groups": [],
    "user_permissions": []
  }
},
{
  "model": "authenticate.customuser",
  "fields": {
    "password": "!NIX27Xl3rwd2S3NY0XKrYyD7nkMWeFJ8mAXDHSJp",
    "last_login": "2026-01-15T09:13:10.816Z",
    "fullname": "Arjun J",
    "email": "jarjun042000@gmail.com",
    "profile_image": "image/upload/https://res.cloudinary.com/dfuk7oo5b/image/upload/v1768450026/profile_images/p3cvqnwqy0yw5std2jeq.jpg",
    "is_active": true,
    "is_superuser": false,
    "is_staff": false,
    "is_loggedin": false,
    "joined_date": "2025-11-21",
    "groups": [],
    "user_permissions": []
  }
},
{
  "model": "authenticate.customuser",
  "fields": {
    "password": "pbkdf2_sha256$1000000$SXVEdD9uE4HhDha7ZBg95A$QARJxv7BbmjopEW5IAm3pKXgD2RsUwJV9iExEI3a9EM=",
    "last_login": "2025-11-15T16:32:33.445Z",
    "fullname": "as",
    "email": "asdwe@mailsac.com",
    "profile_image": null,
    "is_active": true,
    "is_superuser": false,
    "is_staff": false,
    "is_loggedin": false,
    "joined_date": "2025-11-19",
    "groups": [],
    "user_permissions": []
  }
},
{
  "model": "authenticate.customuser",
  "fields": {
    "password": "pbkdf2_sha256$1000000$cf3yEOVrVdEnGLXGwoI1Wj$QeuQtjsPARyEhBjVANFfz9/XIT4CAoddOkkDF9nCYHU=",
    "last_login": "2026-01-15T11:26:04.229Z",
    "fullname": "arjunj",
    "email": "zeearjun0@gmail.com",
    "profile_image": null,
    "is_active": true,
    "is_superuser": true,
    "is_staff": true,
    "is_loggedin": false,
    "joined_date": "2025-11-20",
    "groups": [],
    "user_permissions": []
  }
},
{
  "model": "authenticate.customuser",
  "fields": {
    "password": "pbkdf2_sha256$1000000$mT0Md8MtS21kKTXGDbeQvk$upEGJ5hrLfCUs8jE+Fj1NUF2Kqy0xpZGScc97A6xB0g=",
    "last_login": "2025-12-21T12:52:49.905Z",
    "fullname": "Swalih",
    "email": "jp@mailsac.com",
    "profile_image": "image/upload/https://res.cloudinary.com/dfuk7oo5b/image/upload/v1766035967/profile_images/dpcjhbgiuavtvinkgqo1.jpg",
    "is_active": true,
    "is_superuser": false,
    "is_staff": false,
    "is_loggedin": true,
    "joined_date": "2025-11-21",
    "groups": [],
    "user_permissions": []
  }
},
{
  "model": "authenticate.customuser",
  "fields": {
    "password": "pbkdf2_sha256$1000000$LbuvQksFuLCqM2Djip2WSh$FcuplrFTRjSwACnJFlvXcgpXGTNz37zzD9/mi8kBebo=",
    "last_login": "2025-11-17T08:19:23.604Z",
    "fullname": "Ambadi",
    "email": "mr.ak11718@gmail.com",
    "profile_image": null,
    "is_active": true,
    "is_superuser": false,
    "is_staff": false,
    "is_loggedin": true,
    "joined_date": "2025-11-19",
    "groups": [],
    "user_permissions": []
  }
},
{
  "model": "authenticate.customuser",
  "fields": {
    "password": "pbkdf2_sha256$1000000$BMNY0fK6COJ8WZ5zgZIPLE$Cz4pcUIB3H18JZj/M6VTtRt/L/9ioSCcfLgNRcuHONk=",
    "last_login": null,
    "fullname": "abin",
    "email": "abin@mailsac.com",
    "profile_image": null,
    "is_active": false,
    "is_superuser": false,
    "is_staff": false,
    "is_loggedin": false,
    "joined_date": "2025-11-20",
    "groups": [],
    "user_permissions": []
  }
},
{
  "model": "authenticate.customuser",
  "fields": {
    "password": "pbkdf2_sha256$1000000$oNVHXrzhlNDQaf9E9JfK1C$NEMN0tAtCw5Tpt7nNwpVz+tXTtSCmFZt7jg1Z7nFcto=",
    "last_login": null,
    "fullname": "tes",
    "email": "tes@mailsac.com",
    "profile_image": null,
    "is_active": true,
    "is_superuser": false,
    "is_staff": false,
    "is_loggedin": false,
    "joined_date": "2025-11-20",
    "groups": [],
    "user_permissions": []
  }
},
{
  "model": "authenticate.customuser",
  "fields": {
    "password": "pbkdf2_sha256$1000000$3rEzwHgm0jG7vYHu43t7r3$MbSzuNrtvgSycPAPq1TZ7+YiS+YROrOBM8xQx08573E=",
    "last_login": "2025-11-18T09:03:17.057Z",
    "fullname": "gokul",
    "email": "gokul@mailsac.com",
    "profile_image": null,
    "is_active": true,
    "is_superuser": false,
    "is_staff": false,
    "is_loggedin": false,
    "joined_date": "2025-11-20",
    "groups": [],
    "user_permissions": []
  }
},
{
  "model": "authenticate.customuser",
  "fields": {
    "password": "pbkdf2_sha256$1000000$jdJcgMX6YmzO8CMGPR3q16$h2jAWObk6WkhVmTlI+Mly9E7dUDS6D4lNvI8YbDGGQ4=",
    "last_login": null,
    "fullname": "fathima",
    "email": "fathima@mailsac.com",
    "profile_image": null,
    "is_active": true,
    "is_superuser": false,
    "is_staff": false,
    "is_loggedin": false,
    "joined_date": "2025-11-19",
    "groups": [],
    "user_permissions": []
  }
},
{
  "model": "authenticate.customuser",
  "fields": {
    "password": "pbkdf2_sha256$1000000$UEITBzKsuCAqGFEUIMZEIq$JKY14mcG/J7rGYb+cRo94H7JbD/JcMOI2QzTKqXSiM4=",
    "last_login": "2025-11-24T06:10:55.986Z",
    "fullname": "Arjun",
    "email": "df@mailsac.com",
    "profile_image": null,
    "is_active": true,
    "is_superuser": false,
    "is_staff": false,
    "is_loggedin": false,
    "joined_date": "2025-11-21",
    "groups": [],
    "user_permissions": []
  }
},
{
  "model": "authenticate.customuser",
  "fields": {
    "password": "pbkdf2_sha256$1000000$PaPh8gJVMtMV8GxjheJf7E$edAQbZfdzgdYxerjzDUj7vQRX0j6QzCeK9OA6p/CuqQ=",
    "last_login": null,
    "fullname": "anandhan",
    "email": "adhn@mailsac.com",
    "profile_image": null,
    "is_active": true,
    "is_superuser": false,
    "is_staff": false,
    "is_loggedin": false,
    "joined_date": "2025-12-16",
    "groups": [],
    "user_permissions": []
  }
},
{
  "model": "authenticate.customuser",
  "fields": {
    "password": "pbkdf2_sha256$1000000$x22pujNl3tyUsylFOUcZh4$RdNz6iuWm9ffNvFBh+P+Ri1ylp1Lpdp3fCFuA0757ro=",
    "last_login": "2025-12-17T04:16:25.578Z",
    "fullname": "Rithu Raj",
    "email": "rithu@mailsac.com",
    "profile_image": "image/upload/https://res.cloudinary.com/dfuk7oo5b/image/upload/v1765945073/profile_images/scyw98jiwb6aqj0twids.jpg",
    "is_active": true,
    "is_superuser": false,
    "is_staff": false,
    "is_loggedin": true,
    "joined_date": "2025-12-17",
    "groups": [],
    "user_permissions": []
  }
},
{
  "model": "authenticate.customuser",
  "fields": {
    "password": "pbkdf2_sha256$1000000$DjPP4dd9SqVTGKlpBLioCA$BshqSQP6xXgKjHrWyd4M3lBrtQOKsWtQeOGaY/wHxuM=",
    "last_login": "2026-01-15T04:46:44.973Z",
    "fullname": "arun",
    "email": "bt@mailsac.com",
    "profile_image": "image/upload/https://res.cloudinary.com/dfuk7oo5b/image/upload/v1766990622/profile_images/v2dxv4grdozgc3mrib21.jpg",
    "is_active": true,
    "is_superuser": false,
    "is_staff": false,
    "is_loggedin": false,
    "joined_date": "2025-12-26",
    "groups": [],
    "user_permissions": []
  }
},
{
  "model": "authenticate.customuser",
  "fields": {
    "password": "pbkdf2_sha256$1000000$v0FWphWnUZNIw3lpantHWu$ZaoBngb14K3sw77Sg1hXoVCC7F5/mCCd1FW2gtkTkr8=",
    "last_login": "2025-12-26T11:17:18.537Z",
    "fullname": "Arjun J",
    "email": "tt@mailsac.com",
    "profile_image": "image/upload/https://res.cloudinary.com/dfuk7oo5b/image/upload/v1766747906/profile_images/fytv1pmxor6nurnpf7nk.jpg",
    "is_active": true,
    "is_superuser": false,
    "is_staff": false,
    "is_loggedin": false,
    "joined_date": "2025-12-26",
    "groups": [],
    "user_permissions": []
  }
},
{
  "model": "authenticate.customuser",
  "fields": {
    "password": "pbkdf2_sha256$1000000$095DWHJFdZUVxIfkdUtUGH$9Q/7keT4aLxclMEghPKW5hM+B8bWBlnWw6jzUOowZlY=",
    "last_login": "2026-01-14T09:18:20.251Z",
    "fullname": "das",
    "email": "ds@mailsac.com",
    "profile_image": null,
    "is_active": true,
    "is_superuser": false,
    "is_staff": false,
    "is_loggedin": false,
    "joined_date": "2025-12-31",
    "groups": [],
    "user_permissions": []
  }
},
{
  "model": "authenticate.customuser",
  "fields": {
    "password": "pbkdf2_sha256$1000000$spAlV67UOHuYS6fzYdUjzR$3mmlBU4EGajg+A5VZ/f5918FKYvpU4i6ZntfAxVu270=",
    "last_login": "2026-01-14T09:12:36.689Z",
    "fullname": "dt",
    "email": "dt@mailsac.com",
    "profile_image": null,
    "is_active": true,
    "is_superuser": false,
    "is_staff": false,
    "is_loggedin": true,
    "joined_date": "2025-12-31",
    "groups": [],
    "user_permissions": []
  }
},
{
  "model": "authenticate.customuser",
  "fields": {
    "password": "pbkdf2_sha256$1000000$wKxLIzm7yxQLpQofE8Ogt7$CHMB/etdITBlIduS3Ea7bD6cGxaA7YQ0CpqflWk6ryk=",
    "last_login": "2026-01-02T10:25:34.565Z",
    "fullname": "sipzy",
    "email": "sipzy505@gmail.com",
    "profile_image": null,
    "is_active": true,
    "is_superuser": false,
    "is_staff": false,
    "is_loggedin": false,
    "joined_date": "2026-01-02",
    "groups": [],
    "user_permissions": []
  }
},
{
  "model": "authenticate.customuser",
  "fields": {
    "password": "pbkdf2_sha256$1000000$IQPVfee5Jg5lkbCbtzmnU5$8aBibg2aaY64rdayn8pQwoDCAzyq2za6vy5RgDBqcC0=",
    "last_login": "2026-01-08T03:55:33.914Z",
    "fullname": "arjun",
    "email": "vb@mailsac.com",
    "profile_image": null,
    "is_active": true,
    "is_superuser": false,
    "is_staff": false,
    "is_loggedin": false,
    "joined_date": "2026-01-08",
    "groups": [],
    "user_permissions": []
  }
},
{
  "model": "authenticate.customuser",
  "fields": {
    "password": "pbkdf2_sha256$1000000$0uCLfGAQXjAkalqPAom8AA$uSPN6XcPixP/aJT4T/sKvr84+/3B+Bdi4nYJWBc1wmg=",
    "last_login": null,
    "fullname": "Arjunnn",
    "email": "mkl@mailsac.com",
    "profile_image": null,
    "is_active": false,
    "is_superuser": false,
    "is_staff": false,
    "is_loggedin": false,
    "joined_date": "2026-01-12",
    "groups": [],
    "user_permissions": []
  }
},
{
  "model": "authenticate.customuser",
  "fields": {
    "password": "pbkdf2_sha256$1000000$gW4n1t9zigayf8748eq5tk$tadXj5PT9gap6Teh/1TmHB/h0JpdYExs+rSRIqO044U=",
    "last_login": "2026-01-14T07:51:19.344Z",
    "fullname": "Arun J",
    "email": "gb@mailsac.com",
    "profile_image": null,
    "is_active": true,
    "is_superuser": false,
    "is_staff": false,
    "is_loggedin": false,
    "joined_date": "2026-01-14",
    "groups": [],
    "user_permissions": []
  }
},
{
  "model": "authenticate.customuser",
  "fields": {
    "password": "pbkdf2_sha256$1000000$QocGUCtQKpUES62MSNO8eA$htbdJEimhLkUOrCiloOfkUPRnxiWOqczERdLbKNxbRg=",
    "last_login": "2026-01-15T05:36:31.466Z",
    "fullname": "Arjun Jsre",
    "email": "bts@mailsac.com",
    "profile_image": null,
    "is_active": true,
    "is_superuser": false,
    "is_staff": false,
    "is_loggedin": false,
    "joined_date": "2026-01-15",
    "groups": [],
    "user_permissions": []
  }
},
{
  "model": "authenticate.customuser",
  "fields": {
    "password": "pbkdf2_sha256$1000000$zK79iA7P3PBGIKNtlA7A2D$3FUH2OgiP54MrkkPZj/mkfehDwRZU55Gpj9rWK7C/mA=",
    "last_login": "2026-01-15T11:23:23.811Z",
    "fullname": "Arjunsa",
    "email": "btt@mailsac.com",
    "profile_image": null,
    "is_active": true,
    "is_superuser": false,
    "is_staff": false,
    "is_loggedin": true,
    "joined_date": "2026-01-15",
    "groups": [],
    "user_permissions": []
  }
},
{
  "model": "authenticate.address",
  "pk": 9,
  "fields": {
    "uuid": "91d42744-0d3f-4b10-a672-21c03c5bfc43",
    "user": [
      "jp@mailsac.com"
    ],
    "full_name": "Arjun J",
    "phone_number": "8848808103",
    "address_line1": "edathara po, kadakkal,kollam,kerala",
    "address_line2": "",
    "city": "Kollam",
    "state": "Kerala",
    "country": "India",
    "pincode": "691536",
    "created_at": "2025-12-16T07:31:49.285Z",
    "updated_at": "2025-12-16T07:31:49.285Z"
  }
},
{
  "model": "authenticate.address",
  "pk": 11,
  "fields": {
    "uuid": "e9a1b5dd-1293-422f-a5cc-adebe8edddde",
    "user": [
      "bt@mailsac.com"
    ],
    "full_name": "Arjun J",
    "phone_number": "8848808103",
    "address_line1": "edathara po, kadakkal,kollam,kerala",
    "address_line2": "",
    "city": "Kollam",
    "state": "Kerala",
    "country": "India",
    "pincode": "691536",
    "created_at": "2025-12-26T10:15:22.798Z",
    "updated_at": "2025-12-26T10:15:22.798Z"
  }
},
{
  "model": "authenticate.address",
  "pk": 13,
  "fields": {
    "uuid": "4ba45b62-298f-4a72-bcbb-b841fe6e2cce",
    "user": [
      "tt@mailsac.com"
    ],
    "full_name": "Arjun J",
    "phone_number": "8848808103",
    "address_line1": "edathara po, kadakkal,kollam,kerala",
    "address_line2": "",
    "city": "Kollam",
    "state": "Kerala",
    "country": "India",
    "pincode": "691536",
    "created_at": "2025-12-26T11:33:39.634Z",
    "updated_at": "2025-12-26T11:33:39.635Z"
  }
},
{
  "model": "authenticate.address",
  "pk": 14,
  "fields": {
    "uuid": "88857dc0-e01a-4372-bf15-b3924dc2ee9d",
    "user": [
      "dt@mailsac.com"
    ],
    "full_name": "Arjun",
    "phone_number": "8848808103",
    "address_line1": "edathara po, kadakkal, kollam",
    "address_line2": "",
    "city": "Kollam",
    "state": "Kerala",
    "country": "India",
    "pincode": "691536",
    "created_at": "2025-12-31T06:02:51.944Z",
    "updated_at": "2025-12-31T06:02:51.944Z"
  }
},
{
  "model": "authenticate.address",
  "pk": 21,
  "fields": {
    "uuid": "6c51a784-eae8-4feb-8b60-808e590c4c7a",
    "user": [
      "vb@mailsac.com"
    ],
    "full_name": "Arjun",
    "phone_number": "+9 (188) 488-08103",
    "address_line1": "edathara po, kadakkal, kollam",
    "address_line2": "",
    "city": "Kollam",
    "state": "Kerala",
    "country": "India",
    "pincode": "691536",
    "created_at": "2026-01-08T03:47:11.810Z",
    "updated_at": "2026-01-08T03:47:11.810Z"
  }
},
{
  "model": "authenticate.address",
  "pk": 25,
  "fields": {
    "uuid": "88965303-3cd5-40ae-a159-e0e0366b39e1",
    "user": [
      "jarjun042000@gmail.com"
    ],
    "full_name": "_____________________-",
    "phone_number": "555555555555",
    "address_line1": "edathara po, kadakkal, kollam",
    "address_line2": "534534534e534534",
    "city": "Kollam",
    "state": "Kerala",
    "country": "India",
    "pincode": "691536",
    "created_at": "2026-01-12T11:52:20.224Z",
    "updated_at": "2026-01-14T09:16:40.343Z"
  }
},
{
  "model": "authenticate.address",
  "pk": 26,
  "fields": {
    "uuid": "d0e2a5b0-90d6-4787-ad51-41c992cbf1f0",
    "user": [
      "ds@mailsac.com"
    ],
    "full_name": "Arjun",
    "phone_number": "+9 (188) 488-08103",
    "address_line1": "edathara po, kadakkal, kollam",
    "address_line2": "534534534e534534",
    "city": "Kollam",
    "state": "Kerala",
    "country": "India",
    "pincode": "691536",
    "created_at": "2026-01-14T09:08:48.240Z",
    "updated_at": "2026-01-14T09:08:48.240Z"
  }
},
{
  "model": "authenticate.address",
  "pk": 28,
  "fields": {
    "uuid": "69b03de1-6707-4819-8972-be7955963433",
    "user": [
      "bts@mailsac.com"
    ],
    "full_name": "Arjun J",
    "phone_number": "8848808103",
    "address_line1": "edathara po , no 61, kadakkal",
    "address_line2": "",
    "city": "Kollam",
    "state": "Kerala",
    "country": "India",
    "pincode": "691536",
    "created_at": "2026-01-15T05:05:18.958Z",
    "updated_at": "2026-01-15T05:05:18.958Z"
  }
},
{
  "model": "authenticate.address",
  "pk": 30,
  "fields": {
    "uuid": "d56d96cf-4d30-4d9f-ac0e-96a0f5ee32a8",
    "user": [
      "bts@mailsac.com"
    ],
    "full_name": "Arjun hh",
    "phone_number": "8848808103",
    "address_line1": "edathara po, kadakkal, kollam",
    "address_line2": "",
    "city": "Kollam",
    "state": "Kerala",
    "country": "India",
    "pincode": "691536",
    "created_at": "2026-01-15T05:23:34.087Z",
    "updated_at": "2026-01-15T05:25:28.198Z"
  }
},
{
  "model": "authenticate.address",
  "pk": 31,
  "fields": {
    "uuid": "d4feb2cd-8dab-49b8-ab99-f9bf69a8813e",
    "user": [
      "btt@mailsac.com"
    ],
    "full_name": "Arjun",
    "phone_number": "8848808103",
    "address_line1": "edathara po, kadakkal, kollam",
    "address_line2": "",
    "city": "Kollam",
    "state": "Kerala",
    "country": "India",
    "pincode": "691536",
    "created_at": "2026-01-15T11:24:03.953Z",
    "updated_at": "2026-01-15T11:24:03.953Z"
  }
},
{
  "model": "products.category",
  "pk": 1,
  "fields": {
    "name": "WHISKEY",
    "description": "whiskeyy is good for summer",
    "is_active": true,
    "created_at": "2025-11-16T15:56:34.913Z",
    "updated_at": "2026-01-12T09:46:46.287Z"
  }
},
{
  "model": "products.category",
  "pk": 8,
  "fields": {
    "name": "Rum",
    "description": "Rum is good",
    "is_active": true,
    "created_at": "2025-11-17T05:11:06.345Z",
    "updated_at": "2025-11-23T20:06:57.331Z"
  }
},
{
  "model": "products.category",
  "pk": 9,
  "fields": {
    "name": "Vodka",
    "description": "it is made up with good quality products",
    "is_active": true,
    "created_at": "2025-11-17T08:13:14.200Z",
    "updated_at": "2025-12-05T13:33:58.066Z"
  }
},
{
  "model": "products.category",
  "pk": 10,
  "fields": {
    "name": "Gin",
    "description": "my name is",
    "is_active": true,
    "created_at": "2025-11-19T06:30:23.720Z",
    "updated_at": "2025-11-24T05:54:05.061Z"
  }
},
{
  "model": "products.category",
  "pk": 11,
  "fields": {
    "name": "Beer",
    "description": "its good for summer",
    "is_active": true,
    "created_at": "2025-11-24T08:13:49.877Z",
    "updated_at": "2025-11-26T05:55:48.364Z"
  }
},
{
  "model": "products.category",
  "pk": 12,
  "fields": {
    "name": "testcategory",
    "description": "sd sdfs csdf",
    "is_active": true,
    "created_at": "2026-01-08T03:56:22.208Z",
    "updated_at": "2026-01-08T03:56:22.208Z"
  }
},
{
  "model": "products.brand",
  "pk": 5,
  "fields": {
    "name": "Jack Daniels",
    "is_active": true,
    "description": "good and classic brand",
    "created_at": "2025-11-23T06:55:31.025Z",
    "updated_at": "2025-11-23T06:55:56.365Z"
  }
},
{
  "model": "products.brand",
  "pk": 6,
  "fields": {
    "name": "Johnie Walker",
    "is_active": true,
    "description": "good for wellness",
    "created_at": "2025-11-23T06:56:11.654Z",
    "updated_at": "2025-11-23T19:58:39.417Z"
  }
},
{
  "model": "products.brand",
  "pk": 7,
  "fields": {
    "name": "Smirnoff",
    "is_active": true,
    "description": "good for winter",
    "created_at": "2025-11-23T19:59:05.184Z",
    "updated_at": "2026-01-12T09:48:16.567Z"
  }
},
{
  "model": "products.brand",
  "pk": 8,
  "fields": {
    "name": "Absolut",
    "is_active": true,
    "description": "good for summer",
    "created_at": "2025-11-23T19:59:25.000Z",
    "updated_at": "2025-11-25T08:29:27.051Z"
  }
},
{
  "model": "products.brand",
  "pk": 9,
  "fields": {
    "name": "Bacardi",
    "is_active": true,
    "description": "good brand for summer",
    "created_at": "2025-11-23T19:59:56.928Z",
    "updated_at": "2025-11-23T19:59:56.928Z"
  }
},
{
  "model": "products.brand",
  "pk": 10,
  "fields": {
    "name": "Hennessy",
    "is_active": true,
    "description": "good for the Spring",
    "created_at": "2025-11-23T20:00:42.975Z",
    "updated_at": "2025-11-23T20:00:42.975Z"
  }
},
{
  "model": "products.brand",
  "pk": 11,
  "fields": {
    "name": "King Fisher",
    "is_active": true,
    "description": "Its a good Brand for beer",
    "created_at": "2025-11-26T05:55:03.252Z",
    "updated_at": "2025-11-26T05:55:03.252Z"
  }
},
{
  "model": "products.brand",
  "pk": 12,
  "fields": {
    "name": "dsrfdewsrs",
    "is_active": false,
    "description": "SIDJFHSFIJN DISJNFIONe we rwer werw werwer",
    "created_at": "2026-01-14T09:31:22.559Z",
    "updated_at": "2026-01-15T05:49:39.969Z"
  }
},
{
  "model": "products.products",
  "pk": 5,
  "fields": {
    "uuid": "0a8e6f72-7841-422e-a1e8-4f652d2ecb5a",
    "brand": 5,
    "name": "Asd",
    "category": 9,
    "description": "asd asa asa",
    "is_active": true,
    "created_at": "2025-11-23T11:26:02.534Z",
    "updated_at": "2025-12-12T05:07:23.496Z"
  }
},
{
  "model": "products.products",
  "pk": 6,
  "fields": {
    "uuid": "85ab84b1-71f8-46ba-b53a-ca4310886d60",
    "brand": 5,
    "name": "rum",
    "category": 1,
    "description": "asd asd asd",
    "is_active": true,
    "created_at": "2025-11-23T11:27:50.462Z",
    "updated_at": "2025-12-12T05:07:23.566Z"
  }
},
{
  "model": "products.products",
  "pk": 12,
  "fields": {
    "uuid": "a6af40a3-1988-48e4-8069-617c2d68330a",
    "brand": 9,
    "name": "Bacardi Black",
    "category": 8,
    "description": "sds dsds ddd",
    "is_active": true,
    "created_at": "2025-11-23T11:39:43.894Z",
    "updated_at": "2025-12-12T05:07:23.574Z"
  }
},
{
  "model": "products.products",
  "pk": 13,
  "fields": {
    "uuid": "6d7adf5b-f26c-4c15-bcef-c2491ae05d87",
    "brand": 9,
    "name": "Bacardi Superior White",
    "category": 8,
    "description": "sds dsds ddd",
    "is_active": true,
    "created_at": "2025-11-23T11:39:44.060Z",
    "updated_at": "2025-12-12T05:07:23.568Z"
  }
},
{
  "model": "products.products",
  "pk": 14,
  "fields": {
    "uuid": "231fcb07-8cd8-44c7-9891-e6b8d0874207",
    "brand": 6,
    "name": "Johnnie Walker Red Label",
    "category": 1,
    "description": "asdm wermcn vf",
    "is_active": true,
    "created_at": "2025-11-23T11:45:52.411Z",
    "updated_at": "2025-12-12T05:07:23.564Z"
  }
},
{
  "model": "products.products",
  "pk": 15,
  "fields": {
    "uuid": "e0532a18-ac16-4c0b-942f-27d767f4a47b",
    "brand": 6,
    "name": "Johnnie Walker Black Label",
    "category": 1,
    "description": "asa asxasx aSA",
    "is_active": true,
    "created_at": "2025-11-23T12:18:48.015Z",
    "updated_at": "2025-12-12T05:07:23.579Z"
  }
},
{
  "model": "products.products",
  "pk": 16,
  "fields": {
    "uuid": "679a1484-8001-4ec8-bfde-663f2db63cd2",
    "brand": 5,
    "name": "Jack Daniel's Old No. 7 – Whiskey",
    "category": 1,
    "description": "good product in us",
    "is_active": true,
    "created_at": "2025-11-23T12:33:25.286Z",
    "updated_at": "2025-12-12T05:07:23.562Z"
  }
},
{
  "model": "products.products",
  "pk": 20,
  "fields": {
    "uuid": "3ca9e008-8682-44dc-bcde-233f53f135a9",
    "brand": 8,
    "name": "Absolut Raspberry",
    "category": 9,
    "description": "it has good taste",
    "is_active": true,
    "created_at": "2025-11-26T06:13:08.390Z",
    "updated_at": "2025-12-12T05:07:23.570Z"
  }
},
{
  "model": "products.products",
  "pk": 21,
  "fields": {
    "uuid": "bc0d9105-5c98-44d0-b9c9-46233e8d8769",
    "brand": 7,
    "name": "Smirnoff No.21 Vodka",
    "category": 9,
    "description": "its a good product",
    "is_active": true,
    "created_at": "2025-11-26T06:20:44.043Z",
    "updated_at": "2025-12-12T05:07:23.577Z"
  }
},
{
  "model": "products.products",
  "pk": 22,
  "fields": {
    "uuid": "52bbb45f-6473-4684-83f0-1b7cb4458484",
    "brand": 7,
    "name": "Smirnoff Green Apple",
    "category": 9,
    "description": "its a good product",
    "is_active": true,
    "created_at": "2025-11-26T06:26:38.251Z",
    "updated_at": "2025-12-12T05:07:23.587Z"
  }
},
{
  "model": "products.products",
  "pk": 23,
  "fields": {
    "uuid": "87369ff5-7d19-4872-b572-3803986b8c23",
    "brand": 9,
    "name": "Bacardi Superior White Rum",
    "category": 8,
    "description": "very good product belongs to rum",
    "is_active": true,
    "created_at": "2025-11-26T06:31:02.644Z",
    "updated_at": "2025-12-12T05:07:23.572Z"
  }
},
{
  "model": "products.products",
  "pk": 24,
  "fields": {
    "uuid": "2a89475d-d094-4ebf-b9ca-766c6dda986d",
    "brand": 10,
    "name": "Royal Stag Deluxe",
    "category": 1,
    "description": "good product s",
    "is_active": true,
    "created_at": "2025-12-09T05:44:23.912Z",
    "updated_at": "2025-12-12T05:07:23.582Z"
  }
},
{
  "model": "products.products",
  "pk": 25,
  "fields": {
    "uuid": "ecd4d242-5def-471a-96e8-53e6a54fb19d",
    "brand": 9,
    "name": "Bacardi Superior",
    "category": 1,
    "description": "sdas fdsds gvfdg",
    "is_active": true,
    "created_at": "2025-12-09T07:15:17.684Z",
    "updated_at": "2025-12-15T05:46:51.200Z"
  }
},
{
  "model": "products.products",
  "pk": 26,
  "fields": {
    "uuid": "bb00e9a1-72a6-4f33-9913-6b7e8f6e708a",
    "brand": 6,
    "name": "test-151225",
    "category": 11,
    "description": "fg good test",
    "is_active": true,
    "created_at": "2025-12-15T05:59:29.633Z",
    "updated_at": "2025-12-15T05:59:54.673Z"
  }
},
{
  "model": "products.products",
  "pk": 27,
  "fields": {
    "uuid": "447cae80-0506-4cdf-9270-0f5d041f3e70",
    "brand": 5,
    "name": "test-231",
    "category": 1,
    "description": "good for jjj",
    "is_active": true,
    "created_at": "2025-12-16T07:16:48.776Z",
    "updated_at": "2025-12-16T07:20:42.545Z"
  }
},
{
  "model": "products.products",
  "pk": 28,
  "fields": {
    "uuid": "9daa6586-0c02-4c62-8e66-734d694c8ef7",
    "brand": 5,
    "name": "testproduct123",
    "category": 12,
    "description": "sf sddf  fds",
    "is_active": false,
    "created_at": "2026-01-08T03:57:29.524Z",
    "updated_at": "2026-01-12T09:47:17.386Z"
  }
},
{
  "model": "products.products",
  "pk": 29,
  "fields": {
    "uuid": "7992577f-a4f9-4f9b-9a0a-693261257df6",
    "brand": 6,
    "name": "sadsadcs",
    "category": 11,
    "description": "wsd xdfds xfs",
    "is_active": true,
    "created_at": "2026-01-15T05:45:48.258Z",
    "updated_at": "2026-01-15T05:46:18.834Z"
  }
},
{
  "model": "products.productvariants",
  "pk": 6,
  "fields": {
    "uuid": "91b82989-b5c4-4d59-8cd1-6dcc3aa66cb0",
    "product": 16,
    "variant": "750 ml",
    "price": "2499.00",
    "primary_image": "image/upload/https://res.cloudinary.com/dfuk7oo5b/image/upload/v1763929991/products/16/variants/oyaxdlf1viix9ceaomlq.jpg",
    "stock": 28,
    "is_active": true,
    "gst_rate": 18.0,
    "created_at": "2025-11-23T20:33:12.456Z",
    "updated_at": "2025-12-12T12:28:11.828Z"
  }
},
{
  "model": "products.productvariants",
  "pk": 8,
  "fields": {
    "uuid": "09f3a464-c4f4-4ba5-9ec2-0d95d3f29f06",
    "product": 15,
    "variant": "750 ml",
    "price": "2899.00",
    "primary_image": "image/upload/https://res.cloudinary.com/dfuk7oo5b/image/upload/v1763930291/products/15/variants/vutz0eoelw3winmzyuux.jpg",
    "stock": 124,
    "is_active": true,
    "gst_rate": 18.0,
    "created_at": "2025-11-23T20:38:12.287Z",
    "updated_at": "2025-12-12T12:28:11.722Z"
  }
},
{
  "model": "products.productvariants",
  "pk": 9,
  "fields": {
    "uuid": "d4a57a25-7584-4daf-8404-ad49737f3323",
    "product": 15,
    "variant": "1L",
    "price": "3800.00",
    "primary_image": "image/upload/https://res.cloudinary.com/dfuk7oo5b/image/upload/v1763930338/products/15/variants/ptsl0gzt1csfcdr4k8uw.jpg",
    "stock": 18,
    "is_active": true,
    "gst_rate": 18.0,
    "created_at": "2025-11-23T20:38:58.775Z",
    "updated_at": "2025-12-12T12:28:11.788Z"
  }
},
{
  "model": "products.productvariants",
  "pk": 10,
  "fields": {
    "uuid": "4903bfbb-638c-4b7a-a042-18bf8b377a78",
    "product": 14,
    "variant": "750 ml",
    "price": "2399.00",
    "primary_image": "image/upload/https://res.cloudinary.com/dfuk7oo5b/image/upload/v1763930705/products/14/variants/gxwgx2uarhxuuyzmnoks.jpg",
    "stock": 45,
    "is_active": true,
    "gst_rate": 18.0,
    "created_at": "2025-11-23T20:45:06.077Z",
    "updated_at": "2025-12-12T12:28:11.793Z"
  }
},
{
  "model": "products.productvariants",
  "pk": 11,
  "fields": {
    "uuid": "ac4c61c1-a836-4857-ad64-0fabcf12d2e1",
    "product": 13,
    "variant": "750 ml",
    "price": "3400.00",
    "primary_image": "image/upload/https://res.cloudinary.com/dfuk7oo5b/image/upload/v1763931202/products/13/variants/a6sqkkkwojn3peeou9fn.jpg",
    "stock": 123,
    "is_active": true,
    "gst_rate": 18.0,
    "created_at": "2025-11-23T20:53:23.168Z",
    "updated_at": "2025-12-12T12:28:11.796Z"
  }
},
{
  "model": "products.productvariants",
  "pk": 12,
  "fields": {
    "uuid": "0d8ecd42-0748-4650-a603-a3e7a655729d",
    "product": 12,
    "variant": "1L",
    "price": "4200.00",
    "primary_image": "image/upload/https://res.cloudinary.com/dfuk7oo5b/image/upload/v1763931424/products/12/variants/ecqut6vyhdqlwxumo3mo.jpg",
    "stock": 56,
    "is_active": true,
    "gst_rate": 18.0,
    "created_at": "2025-11-23T20:57:05.129Z",
    "updated_at": "2025-12-12T12:28:11.800Z"
  }
},
{
  "model": "products.productvariants",
  "pk": 13,
  "fields": {
    "uuid": "138c66e0-a9d0-4e5a-a4c9-ac980883f96c",
    "product": 16,
    "variant": "1L",
    "price": "2670.00",
    "primary_image": "image/upload/https://res.cloudinary.com/dfuk7oo5b/image/upload/v1763959275/products/16/variants/xr4bpmhqyulfosepohhk.jpg",
    "stock": 0,
    "is_active": true,
    "gst_rate": 18.0,
    "created_at": "2025-11-24T04:41:16.276Z",
    "updated_at": "2025-12-12T12:28:11.803Z"
  }
},
{
  "model": "products.productvariants",
  "pk": 19,
  "fields": {
    "uuid": "d2c144c4-ac3f-41ea-9133-e021ae7cdae2",
    "product": 16,
    "variant": "350 ml",
    "price": "1499.00",
    "primary_image": "image/upload/https://res.cloudinary.com/dfuk7oo5b/image/upload/v1764043922/zripgmgoxtobh6gsidq8.jpg",
    "stock": 0,
    "is_active": true,
    "gst_rate": 18.0,
    "created_at": "2025-11-25T04:12:02.675Z",
    "updated_at": "2025-12-12T12:28:11.806Z"
  }
},
{
  "model": "products.productvariants",
  "pk": 20,
  "fields": {
    "uuid": "0bf9cd61-e219-4d4b-8815-e6c4b7681d9a",
    "product": 20,
    "variant": "1L",
    "price": "1950.00",
    "primary_image": "image/upload/https://res.cloudinary.com/dfuk7oo5b/image/upload/v1764137752/hkkselzttkeudygfwru0.jpg",
    "stock": 23,
    "is_active": true,
    "gst_rate": 18.0,
    "created_at": "2025-11-26T06:15:52.807Z",
    "updated_at": "2025-12-12T12:28:11.810Z"
  }
},
{
  "model": "products.productvariants",
  "pk": 21,
  "fields": {
    "uuid": "4e89f19d-ddc7-481f-a837-55fd6388c5f9",
    "product": 20,
    "variant": "750ml",
    "price": "1450.00",
    "primary_image": "image/upload/https://res.cloudinary.com/dfuk7oo5b/image/upload/v1764137798/eagllwpdjo1megsphiq6.jpg",
    "stock": 45,
    "is_active": true,
    "gst_rate": 18.0,
    "created_at": "2025-11-26T06:16:38.726Z",
    "updated_at": "2025-12-12T12:28:11.845Z"
  }
},
{
  "model": "products.productvariants",
  "pk": 22,
  "fields": {
    "uuid": "5ca36a45-9b21-4d5f-87b3-a6565933ca23",
    "product": 20,
    "variant": "350ml",
    "price": "780.00",
    "primary_image": "image/upload/https://res.cloudinary.com/dfuk7oo5b/image/upload/v1764137830/kbxoez0d0be1lebjzsai.jpg",
    "stock": 2,
    "is_active": true,
    "gst_rate": 18.0,
    "created_at": "2025-11-26T06:17:10.985Z",
    "updated_at": "2026-01-13T13:35:54.849Z"
  }
},
{
  "model": "products.productvariants",
  "pk": 23,
  "fields": {
    "uuid": "f7e34ada-c125-4777-8d45-ca344b66adae",
    "product": 21,
    "variant": "750ml",
    "price": "1350.00",
    "primary_image": "image/upload/https://res.cloudinary.com/dfuk7oo5b/image/upload/v1764138083/y7wbmsnsfjzdadjsglf8.jpg",
    "stock": 122,
    "is_active": true,
    "gst_rate": 18.0,
    "created_at": "2025-11-26T06:21:23.975Z",
    "updated_at": "2025-12-12T12:28:11.831Z"
  }
},
{
  "model": "products.productvariants",
  "pk": 24,
  "fields": {
    "uuid": "90f7c008-54c2-4bcb-81a2-f950861a461e",
    "product": 21,
    "variant": "1L",
    "price": "1850.00",
    "primary_image": "image/upload/https://res.cloudinary.com/dfuk7oo5b/image/upload/v1764138108/cncqgbhefkzopptonmi0.jpg",
    "stock": 0,
    "is_active": true,
    "gst_rate": 18.0,
    "created_at": "2025-11-26T06:21:48.715Z",
    "updated_at": "2026-01-08T08:51:38.815Z"
  }
},
{
  "model": "products.productvariants",
  "pk": 25,
  "fields": {
    "uuid": "19aedf00-4402-4c7a-9b34-5db7cb7380bf",
    "product": 21,
    "variant": "350ml",
    "price": "720.00",
    "primary_image": "image/upload/https://res.cloudinary.com/dfuk7oo5b/image/upload/v1764138133/hky5lh10norgpx4zhrul.jpg",
    "stock": 0,
    "is_active": true,
    "gst_rate": 18.0,
    "created_at": "2025-11-26T06:22:14.403Z",
    "updated_at": "2025-12-12T12:28:11.814Z"
  }
},
{
  "model": "products.productvariants",
  "pk": 26,
  "fields": {
    "uuid": "8dce877e-3f7c-483c-b4c1-b8083a196b3d",
    "product": 22,
    "variant": "1L",
    "price": "1850.00",
    "primary_image": "image/upload/https://res.cloudinary.com/dfuk7oo5b/image/upload/v1764138438/aty8i11aeukc8qjinfiy.jpg",
    "stock": 28,
    "is_active": true,
    "gst_rate": 18.0,
    "created_at": "2025-11-26T06:27:18.600Z",
    "updated_at": "2025-12-12T12:28:11.818Z"
  }
},
{
  "model": "products.productvariants",
  "pk": 27,
  "fields": {
    "uuid": "32679fa9-82bc-4816-97e7-797bb9dff67d",
    "product": 22,
    "variant": "750ml",
    "price": "1350.00",
    "primary_image": "image/upload/https://res.cloudinary.com/dfuk7oo5b/image/upload/v1764138461/iw70xifxyt3uyjsa5rrr.jpg",
    "stock": 24,
    "is_active": true,
    "gst_rate": 18.0,
    "created_at": "2025-11-26T06:27:42.266Z",
    "updated_at": "2025-12-12T12:28:11.837Z"
  }
},
{
  "model": "products.productvariants",
  "pk": 28,
  "fields": {
    "uuid": "3f34f627-2bdf-4adb-b66a-41c28d9a196c",
    "product": 23,
    "variant": "1L",
    "price": "1450.00",
    "primary_image": "image/upload/https://res.cloudinary.com/dfuk7oo5b/image/upload/v1764138703/dl3bxswvxan8py3ffii0.jpg",
    "stock": 75,
    "is_active": true,
    "gst_rate": 18.0,
    "created_at": "2025-11-26T06:31:44.270Z",
    "updated_at": "2025-12-12T12:28:11.821Z"
  }
},
{
  "model": "products.productvariants",
  "pk": 29,
  "fields": {
    "uuid": "c5a4f78f-8151-4295-aed0-a5a200923437",
    "product": 23,
    "variant": "750ml",
    "price": "1350.00",
    "primary_image": "image/upload/https://res.cloudinary.com/dfuk7oo5b/image/upload/v1764138733/fnxvtf69f6isd8vcs31f.jpg",
    "stock": 86,
    "is_active": true,
    "gst_rate": 18.0,
    "created_at": "2025-11-26T06:32:14.581Z",
    "updated_at": "2025-12-12T12:28:11.824Z"
  }
},
{
  "model": "products.productvariants",
  "pk": 30,
  "fields": {
    "uuid": "98488ea8-8a41-4019-bd77-340c32c1621a",
    "product": 23,
    "variant": "350ml",
    "price": "720.00",
    "primary_image": "image/upload/https://res.cloudinary.com/dfuk7oo5b/image/upload/v1764138769/iwpwn4rferowdufpaqyi.jpg",
    "stock": 20,
    "is_active": true,
    "gst_rate": 18.0,
    "created_at": "2025-11-26T06:32:50.954Z",
    "updated_at": "2025-12-12T12:28:11.835Z"
  }
},
{
  "model": "products.productvariants",
  "pk": 31,
  "fields": {
    "uuid": "b78c17f0-761b-4db9-88fe-fdd74ab01eab",
    "product": 24,
    "variant": "1ltr",
    "price": "2000.00",
    "primary_image": "image/upload/https://res.cloudinary.com/dfuk7oo5b/image/upload/v1765259126/hebmlchioaka2zbsvkwa.jpg",
    "stock": 10,
    "is_active": true,
    "gst_rate": 18.0,
    "created_at": "2025-12-09T05:45:27.507Z",
    "updated_at": "2025-12-12T12:28:11.839Z"
  }
},
{
  "model": "products.productvariants",
  "pk": 35,
  "fields": {
    "uuid": "93d2a063-6388-400d-8a6a-e5f2b39eb868",
    "product": 24,
    "variant": "500 ml",
    "price": "1230.00",
    "primary_image": "image/upload/https://res.cloudinary.com/dfuk7oo5b/image/upload/v1765774727/pqrr9c52exgyuugifq4u.webp",
    "stock": 122,
    "is_active": true,
    "gst_rate": 18.0,
    "created_at": "2025-12-15T04:58:47.939Z",
    "updated_at": "2025-12-15T04:58:47.939Z"
  }
},
{
  "model": "products.productvariants",
  "pk": 36,
  "fields": {
    "uuid": "7b9b02f3-2517-4f0a-b32d-ec69598f1134",
    "product": 24,
    "variant": "750ml",
    "price": "1800.00",
    "primary_image": "image/upload/https://res.cloudinary.com/dfuk7oo5b/image/upload/v1765775601/kewueje2uwxyhlojmrcb.jpg",
    "stock": 12,
    "is_active": true,
    "gst_rate": 18.0,
    "created_at": "2025-12-15T05:13:21.818Z",
    "updated_at": "2025-12-15T05:13:21.818Z"
  }
},
{
  "model": "products.productvariants",
  "pk": 37,
  "fields": {
    "uuid": "56357475-f546-407f-affe-6b4db6ed7a4b",
    "product": 25,
    "variant": "750ml",
    "price": "2000.00",
    "primary_image": "image/upload/https://res.cloudinary.com/dfuk7oo5b/image/upload/v1765778176/ei2fi9mxuxedbzjlvdz4.jpg",
    "stock": 78,
    "is_active": true,
    "gst_rate": 18.0,
    "created_at": "2025-12-15T05:56:17.159Z",
    "updated_at": "2025-12-15T05:56:17.159Z"
  }
},
{
  "model": "products.productvariants",
  "pk": 38,
  "fields": {
    "uuid": "c5d9d429-9578-4852-97e6-08bad51c998b",
    "product": 25,
    "variant": "1L",
    "price": "2600.00",
    "primary_image": "image/upload/https://res.cloudinary.com/dfuk7oo5b/image/upload/v1765778212/ia0rugwslpdh1ahdifhl.jpg",
    "stock": 9,
    "is_active": true,
    "gst_rate": 18.0,
    "created_at": "2025-12-15T05:56:53.495Z",
    "updated_at": "2025-12-15T05:56:53.495Z"
  }
},
{
  "model": "products.productvariants",
  "pk": 39,
  "fields": {
    "uuid": "56d16b18-e5a4-4936-8f04-a06a2bc7b635",
    "product": 26,
    "variant": "500 ml",
    "price": "1234.00",
    "primary_image": "image/upload/https://res.cloudinary.com/dfuk7oo5b/image/upload/v1765778420/pvg2hbda4nruq0zxzt3m.jpg",
    "stock": 0,
    "is_active": true,
    "gst_rate": 18.0,
    "created_at": "2025-12-15T06:00:20.756Z",
    "updated_at": "2026-01-07T09:40:49.024Z"
  }
},
{
  "model": "products.productvariants",
  "pk": 41,
  "fields": {
    "uuid": "c0cd7328-25e5-4734-8640-5b7c3526f4a9",
    "product": 27,
    "variant": "750ml",
    "price": "12000.00",
    "primary_image": "image/upload/https://res.cloudinary.com/dfuk7oo5b/image/upload/v1766739465/iagkszolq0n9ffgvlt53.jpg",
    "stock": 115,
    "is_active": true,
    "gst_rate": 18.0,
    "created_at": "2025-12-16T07:17:39.012Z",
    "updated_at": "2025-12-26T08:57:46.492Z"
  }
},
{
  "model": "products.productvariants",
  "pk": 42,
  "fields": {
    "uuid": "b250f73f-b348-43dd-a911-7e51c87f22fa",
    "product": 27,
    "variant": "500 ml",
    "price": "1100.00",
    "primary_image": "image/upload/https://res.cloudinary.com/dfuk7oo5b/image/upload/v1765869493/cdgclwvtyxisbdwzt2oo.jpg",
    "stock": 0,
    "is_active": true,
    "gst_rate": 18.0,
    "created_at": "2025-12-16T07:18:13.521Z",
    "updated_at": "2026-01-09T10:00:55.866Z"
  }
},
{
  "model": "products.productvariants",
  "pk": 43,
  "fields": {
    "uuid": "ca3170b0-f997-444b-b64e-be114a4b13d4",
    "product": 28,
    "variant": "testvariant",
    "price": "1200.00",
    "primary_image": "image/upload/https://res.cloudinary.com/dfuk7oo5b/image/upload/v1767844752/gbcm010az03vys5wduus.jpg",
    "stock": 12,
    "is_active": true,
    "gst_rate": 18.0,
    "created_at": "2026-01-08T03:59:12.956Z",
    "updated_at": "2026-01-08T03:59:12.956Z"
  }
},
{
  "model": "products.productimage",
  "pk": 1,
  "fields": {
    "product": 5,
    "image": "image/upload/https://res.cloudinary.com/dfuk7oo5b/image/upload/v1763897164/products/5/kxyrmbktlpno9rmzgmul.jpg",
    "created_at": "2025-11-23T11:26:04.885Z"
  }
},
{
  "model": "products.productimage",
  "pk": 2,
  "fields": {
    "product": 5,
    "image": "image/upload/https://res.cloudinary.com/dfuk7oo5b/image/upload/v1763897165/products/5/majfiktiilzxouz9hibx.jpg",
    "created_at": "2025-11-23T11:26:06.523Z"
  }
},
{
  "model": "products.productimage",
  "pk": 3,
  "fields": {
    "product": 5,
    "image": "image/upload/https://res.cloudinary.com/dfuk7oo5b/image/upload/v1763897167/products/5/laetmgcumwzaoao1wmzg.jpg",
    "created_at": "2025-11-23T11:26:08.206Z"
  }
},
{
  "model": "products.productimage",
  "pk": 4,
  "fields": {
    "product": 6,
    "image": "image/upload/https://res.cloudinary.com/dfuk7oo5b/image/upload/v1763897271/products/6/kxfopqzzs3kw6seyheiw.jpg",
    "created_at": "2025-11-23T11:27:51.775Z"
  }
},
{
  "model": "products.productimage",
  "pk": 5,
  "fields": {
    "product": 6,
    "image": "image/upload/https://res.cloudinary.com/dfuk7oo5b/image/upload/v1763897272/products/6/owlpbr3iu5y4cknqvfuz.jpg",
    "created_at": "2025-11-23T11:27:53.123Z"
  }
},
{
  "model": "products.productimage",
  "pk": 6,
  "fields": {
    "product": 6,
    "image": "image/upload/https://res.cloudinary.com/dfuk7oo5b/image/upload/v1763897273/products/6/jadkxr0q26r4gjmkl0bt.jpg",
    "created_at": "2025-11-23T11:27:54.558Z"
  }
},
{
  "model": "products.productimage",
  "pk": 45,
  "fields": {
    "product": 15,
    "image": "image/upload/https://res.cloudinary.com/dfuk7oo5b/image/upload/v1763930214/products/15/ox5ecfmkozejm1vlxh9i.jpg",
    "created_at": "2025-11-23T20:36:54.838Z"
  }
},
{
  "model": "products.productimage",
  "pk": 46,
  "fields": {
    "product": 15,
    "image": "image/upload/https://res.cloudinary.com/dfuk7oo5b/image/upload/v1763930235/products/15/rvkq0fmi1rsn5vepjtpa.jpg",
    "created_at": "2025-11-23T20:37:15.674Z"
  }
},
{
  "model": "products.productimage",
  "pk": 47,
  "fields": {
    "product": 15,
    "image": "image/upload/https://res.cloudinary.com/dfuk7oo5b/image/upload/v1763930248/products/15/diafpxts2gbdr3t3noxy.jpg",
    "created_at": "2025-11-23T20:37:28.974Z"
  }
},
{
  "model": "products.productimage",
  "pk": 48,
  "fields": {
    "product": 14,
    "image": "image/upload/https://res.cloudinary.com/dfuk7oo5b/image/upload/v1763930627/products/14/tjgkflaqlahop6lne83k.jpg",
    "created_at": "2025-11-23T20:43:48.663Z"
  }
},
{
  "model": "products.productimage",
  "pk": 49,
  "fields": {
    "product": 14,
    "image": "image/upload/https://res.cloudinary.com/dfuk7oo5b/image/upload/v1763930646/products/14/zloxxbtnrzj03o7ngzto.jpg",
    "created_at": "2025-11-23T20:44:07.506Z"
  }
},
{
  "model": "products.productimage",
  "pk": 50,
  "fields": {
    "product": 14,
    "image": "image/upload/https://res.cloudinary.com/dfuk7oo5b/image/upload/v1763930669/products/14/pspnbaaukknlepwucs5b.jpg",
    "created_at": "2025-11-23T20:44:29.828Z"
  }
},
{
  "model": "products.productimage",
  "pk": 51,
  "fields": {
    "product": 13,
    "image": "image/upload/https://res.cloudinary.com/dfuk7oo5b/image/upload/v1763931120/products/13/ng8xlabcreeo1tncclif.jpg",
    "created_at": "2025-11-23T20:52:02.228Z"
  }
},
{
  "model": "products.productimage",
  "pk": 52,
  "fields": {
    "product": 13,
    "image": "image/upload/https://res.cloudinary.com/dfuk7oo5b/image/upload/v1763931136/products/13/xyue7nyco6jwwpjxrxcr.jpg",
    "created_at": "2025-11-23T20:52:17.076Z"
  }
},
{
  "model": "products.productimage",
  "pk": 53,
  "fields": {
    "product": 13,
    "image": "image/upload/https://res.cloudinary.com/dfuk7oo5b/image/upload/v1763931168/products/13/ektdf38t7q2vkcckncdz.jpg",
    "created_at": "2025-11-23T20:52:49.225Z"
  }
},
{
  "model": "products.productimage",
  "pk": 54,
  "fields": {
    "product": 12,
    "image": "image/upload/https://res.cloudinary.com/dfuk7oo5b/image/upload/v1763931363/products/12/dxmnirbfbyp8sas8rjxd.jpg",
    "created_at": "2025-11-23T20:56:04.406Z"
  }
},
{
  "model": "products.productimage",
  "pk": 55,
  "fields": {
    "product": 12,
    "image": "image/upload/https://res.cloudinary.com/dfuk7oo5b/image/upload/v1763931378/products/12/fjyze68jb5cnbtf2qacq.jpg",
    "created_at": "2025-11-23T20:56:19.457Z"
  }
},
{
  "model": "products.productimage",
  "pk": 56,
  "fields": {
    "product": 12,
    "image": "image/upload/https://res.cloudinary.com/dfuk7oo5b/image/upload/v1763931392/products/12/laq7gtnyumg62iryizyv.jpg",
    "created_at": "2025-11-23T20:56:33.481Z"
  }
},
{
  "model": "products.productimage",
  "pk": 57,
  "fields": {
    "product": 16,
    "image": "image/upload/https://res.cloudinary.com/dfuk7oo5b/image/upload/v1764043860/products/16/mwcdkeazeagzo0if7ipr.jpg",
    "created_at": "2025-11-25T04:11:01.436Z"
  }
},
{
  "model": "products.productimage",
  "pk": 58,
  "fields": {
    "product": 16,
    "image": "image/upload/https://res.cloudinary.com/dfuk7oo5b/image/upload/v1764043874/products/16/p6z6dfid5ugpjsxxxwsk.jpg",
    "created_at": "2025-11-25T04:11:14.852Z"
  }
},
{
  "model": "products.productimage",
  "pk": 59,
  "fields": {
    "product": 16,
    "image": "image/upload/https://res.cloudinary.com/dfuk7oo5b/image/upload/v1764043886/products/16/kldo5xnbvqcbvu1c7gvt.jpg",
    "created_at": "2025-11-25T04:11:27.146Z"
  }
},
{
  "model": "products.productimage",
  "pk": 60,
  "fields": {
    "product": 20,
    "image": "image/upload/https://res.cloudinary.com/dfuk7oo5b/image/upload/v1764137590/products/20/fh4sazx8uppacxibynna.jpg",
    "created_at": "2025-11-26T06:13:11.303Z"
  }
},
{
  "model": "products.productimage",
  "pk": 61,
  "fields": {
    "product": 20,
    "image": "image/upload/https://res.cloudinary.com/dfuk7oo5b/image/upload/v1764137592/products/20/eij4hzxkdlilb2sr80gj.jpg",
    "created_at": "2025-11-26T06:13:13.312Z"
  }
},
{
  "model": "products.productimage",
  "pk": 62,
  "fields": {
    "product": 20,
    "image": "image/upload/https://res.cloudinary.com/dfuk7oo5b/image/upload/v1764137593/products/20/p5xgmjyrodjeqqyptpin.jpg",
    "created_at": "2025-11-26T06:13:14.642Z"
  }
},
{
  "model": "products.productimage",
  "pk": 63,
  "fields": {
    "product": 20,
    "image": "image/upload/https://res.cloudinary.com/dfuk7oo5b/image/upload/v1764137595/products/20/uvotortanjs4sxl7fkip.jpg",
    "created_at": "2025-11-26T06:13:16.098Z"
  }
},
{
  "model": "products.productimage",
  "pk": 64,
  "fields": {
    "product": 21,
    "image": "image/upload/https://res.cloudinary.com/dfuk7oo5b/image/upload/v1764138045/products/21/hvmhvwlrrcxnzmueanir.jpg",
    "created_at": "2025-11-26T06:20:45.724Z"
  }
},
{
  "model": "products.productimage",
  "pk": 65,
  "fields": {
    "product": 21,
    "image": "image/upload/https://res.cloudinary.com/dfuk7oo5b/image/upload/v1764138045/products/21/xitkq9ts7tdqv9lxa6io.jpg",
    "created_at": "2025-11-26T06:20:46.439Z"
  }
},
{
  "model": "products.productimage",
  "pk": 66,
  "fields": {
    "product": 21,
    "image": "image/upload/https://res.cloudinary.com/dfuk7oo5b/image/upload/v1764138047/products/21/wk71k5bvcf8mdy0dfzfo.jpg",
    "created_at": "2025-11-26T06:20:47.772Z"
  }
},
{
  "model": "products.productimage",
  "pk": 67,
  "fields": {
    "product": 21,
    "image": "image/upload/https://res.cloudinary.com/dfuk7oo5b/image/upload/v1764138048/products/21/qym5m34nk1qebxnwlz58.jpg",
    "created_at": "2025-11-26T06:20:48.798Z"
  }
},
{
  "model": "products.productimage",
  "pk": 68,
  "fields": {
    "product": 22,
    "image": "image/upload/https://res.cloudinary.com/dfuk7oo5b/image/upload/v1764138398/products/22/m2bh4geqggxtmuipbdlr.jpg",
    "created_at": "2025-11-26T06:26:39.526Z"
  }
},
{
  "model": "products.productimage",
  "pk": 69,
  "fields": {
    "product": 22,
    "image": "image/upload/https://res.cloudinary.com/dfuk7oo5b/image/upload/v1764138400/products/22/vhnmfcjbshr5gp1c9ysq.jpg",
    "created_at": "2025-11-26T06:26:40.546Z"
  }
},
{
  "model": "products.productimage",
  "pk": 70,
  "fields": {
    "product": 22,
    "image": "image/upload/https://res.cloudinary.com/dfuk7oo5b/image/upload/v1764138401/products/22/ljvgftwaotgxsj8cgqq7.jpg",
    "created_at": "2025-11-26T06:26:41.552Z"
  }
},
{
  "model": "products.productimage",
  "pk": 71,
  "fields": {
    "product": 23,
    "image": "image/upload/https://res.cloudinary.com/dfuk7oo5b/image/upload/v1764138663/products/23/ogtbrb9wfp4cwpg9jx8l.jpg",
    "created_at": "2025-11-26T06:31:03.860Z"
  }
},
{
  "model": "products.productimage",
  "pk": 72,
  "fields": {
    "product": 23,
    "image": "image/upload/https://res.cloudinary.com/dfuk7oo5b/image/upload/v1764138664/products/23/lvetqbw25a927aukwnjj.jpg",
    "created_at": "2025-11-26T06:31:05.078Z"
  }
},
{
  "model": "products.productimage",
  "pk": 73,
  "fields": {
    "product": 23,
    "image": "image/upload/https://res.cloudinary.com/dfuk7oo5b/image/upload/v1764138665/products/23/wl8k31wba2onz9ijjq5n.jpg",
    "created_at": "2025-11-26T06:31:05.766Z"
  }
},
{
  "model": "products.productimage",
  "pk": 74,
  "fields": {
    "product": 24,
    "image": "image/upload/https://res.cloudinary.com/dfuk7oo5b/image/upload/v1765259066/products/24/e4xfun5gc7alfwavhatn.jpg",
    "created_at": "2025-12-09T05:44:26.879Z"
  }
},
{
  "model": "products.productimage",
  "pk": 75,
  "fields": {
    "product": 24,
    "image": "image/upload/https://res.cloudinary.com/dfuk7oo5b/image/upload/v1765259067/products/24/pn10j6siky0avi9tcbg6.jpg",
    "created_at": "2025-12-09T05:44:27.901Z"
  }
},
{
  "model": "products.productimage",
  "pk": 76,
  "fields": {
    "product": 24,
    "image": "image/upload/https://res.cloudinary.com/dfuk7oo5b/image/upload/v1765259069/products/24/jsqqkdw7bcmmcsnqbcyf.jpg",
    "created_at": "2025-12-09T05:44:30.052Z"
  }
},
{
  "model": "products.productimage",
  "pk": 77,
  "fields": {
    "product": 25,
    "image": "image/upload/https://res.cloudinary.com/dfuk7oo5b/image/upload/v1765264519/products/25/jfdyye1rxylpsvhh0owr.jpg",
    "created_at": "2025-12-09T07:15:20.076Z"
  }
},
{
  "model": "products.productimage",
  "pk": 78,
  "fields": {
    "product": 25,
    "image": "image/upload/https://res.cloudinary.com/dfuk7oo5b/image/upload/v1765264520/products/25/g2hyhpameoot0t3gozd7.jpg",
    "created_at": "2025-12-09T07:15:20.778Z"
  }
},
{
  "model": "products.productimage",
  "pk": 101,
  "fields": {
    "product": 25,
    "image": "image/upload/https://res.cloudinary.com/dfuk7oo5b/image/upload/v1765624926/products/ecd4d242-5def-471a-96e8-53e6a54fb19d/nbujazuikzchb8hp8vsg.jpg",
    "created_at": "2025-12-13T11:22:07.128Z"
  }
},
{
  "model": "products.productimage",
  "pk": 102,
  "fields": {
    "product": 26,
    "image": "image/upload/https://res.cloudinary.com/dfuk7oo5b/image/upload/v1765778371/products/26/yauhckq3ywzwlwummde1.jpg",
    "created_at": "2025-12-15T05:59:31.611Z"
  }
},
{
  "model": "products.productimage",
  "pk": 103,
  "fields": {
    "product": 26,
    "image": "image/upload/https://res.cloudinary.com/dfuk7oo5b/image/upload/v1765778372/products/26/lwsdk1ctfr3navsgm7py.jpg",
    "created_at": "2025-12-15T05:59:33.552Z"
  }
},
{
  "model": "products.productimage",
  "pk": 105,
  "fields": {
    "product": 27,
    "image": "image/upload/https://res.cloudinary.com/dfuk7oo5b/image/upload/v1765869410/products/27/jim0e8jwslmxaadlfq3p.jpg",
    "created_at": "2025-12-16T07:16:51.557Z"
  }
},
{
  "model": "products.productimage",
  "pk": 106,
  "fields": {
    "product": 27,
    "image": "image/upload/https://res.cloudinary.com/dfuk7oo5b/image/upload/v1765869411/products/27/qhlzpwilwx3uxy21wm2b.jpg",
    "created_at": "2025-12-16T07:16:52.196Z"
  }
},
{
  "model": "products.productimage",
  "pk": 107,
  "fields": {
    "product": 27,
    "image": "image/upload/https://res.cloudinary.com/dfuk7oo5b/image/upload/v1765869412/products/27/yrbfrjzbui2ms0ftsdo0.jpg",
    "created_at": "2025-12-16T07:16:53.146Z"
  }
},
{
  "model": "products.productimage",
  "pk": 108,
  "fields": {
    "product": 28,
    "image": "image/upload/https://res.cloudinary.com/dfuk7oo5b/image/upload/v1767844651/products/28/v5euguz1miwvrwfyjnjt.jpg",
    "created_at": "2026-01-08T03:57:31.844Z"
  }
},
{
  "model": "products.productimage",
  "pk": 109,
  "fields": {
    "product": 28,
    "image": "image/upload/https://res.cloudinary.com/dfuk7oo5b/image/upload/v1767844652/products/28/l4nklcfunzxpem0v15ru.jpg",
    "created_at": "2026-01-08T03:57:32.636Z"
  }
},
{
  "model": "products.productimage",
  "pk": 110,
  "fields": {
    "product": 28,
    "image": "image/upload/https://res.cloudinary.com/dfuk7oo5b/image/upload/v1767844652/products/28/xdhjclnvpuqgnjh8ntky.jpg",
    "created_at": "2026-01-08T03:57:33.578Z"
  }
},
{
  "model": "products.productimage",
  "pk": 111,
  "fields": {
    "product": 29,
    "image": "image/upload/https://res.cloudinary.com/dfuk7oo5b/image/upload/v1768455950/products/29/uyfws30aauvtv1opqytw.jpg",
    "created_at": "2026-01-15T05:45:50.690Z"
  }
},
{
  "model": "products.productimage",
  "pk": 112,
  "fields": {
    "product": 29,
    "image": "image/upload/https://res.cloudinary.com/dfuk7oo5b/image/upload/v1768455951/products/29/pmof3zyaa68am4i5aa8w.jpg",
    "created_at": "2026-01-15T05:45:51.666Z"
  }
},
{
  "model": "products.productimage",
  "pk": 113,
  "fields": {
    "product": 29,
    "image": "image/upload/https://res.cloudinary.com/dfuk7oo5b/image/upload/v1768455951/products/29/qmjko6agx5ryldtbs28r.jpg",
    "created_at": "2026-01-15T05:45:52.241Z"
  }
},
{
  "model": "cart.cart",
  "pk": 1,
  "fields": {
    "user": [
      "jarjun042000@gmail.com"
    ],
    "item_subtotal": "0.00",
    "shipping_fee": "0.00",
    "total_price": "0.00",
    "tax": "0.00",
    "applied_coupon": null,
    "coupon_discount": "0.00",
    "created_at": "2025-11-29T07:29:45.032Z",
    "updated_at": "2026-01-15T09:13:20.869Z"
  }
},
{
  "model": "cart.cart",
  "pk": 2,
  "fields": {
    "user": [
      "jp@mailsac.com"
    ],
    "item_subtotal": "1234.00",
    "shipping_fee": "0.00",
    "total_price": "1456.12",
    "tax": "0.00",
    "applied_coupon": null,
    "coupon_discount": "0.00",
    "created_at": "2025-12-01T05:51:51.207Z",
    "updated_at": "2025-12-21T12:53:06.129Z"
  }
},
{
  "model": "cart.cart",
  "pk": 3,
  "fields": {
    "user": [
      "rithu@mailsac.com"
    ],
    "item_subtotal": "0.00",
    "shipping_fee": "0.00",
    "total_price": "0.00",
    "tax": "0.00",
    "applied_coupon": null,
    "coupon_discount": "0.00",
    "created_at": "2025-12-17T04:16:29.340Z",
    "updated_at": "2025-12-17T04:16:29.354Z"
  }
},
{
  "model": "cart.cart",
  "pk": 4,
  "fields": {
    "user": [
      "bt@mailsac.com"
    ],
    "item_subtotal": "5298.00",
    "shipping_fee": "0.00",
    "total_price": "5298.00",
    "tax": "0.00",
    "applied_coupon": null,
    "coupon_discount": "0.00",
    "created_at": "2025-12-26T09:01:14.511Z",
    "updated_at": "2026-01-14T06:09:49.667Z"
  }
},
{
  "model": "cart.cart",
  "pk": 5,
  "fields": {
    "user": [
      "tt@mailsac.com"
    ],
    "item_subtotal": "2464.15",
    "shipping_fee": "0.00",
    "total_price": "2907.70",
    "tax": "0.00",
    "applied_coupon": null,
    "coupon_discount": "0.00",
    "created_at": "2025-12-26T11:28:50.296Z",
    "updated_at": "2025-12-26T11:47:55.212Z"
  }
},
{
  "model": "cart.cart",
  "pk": 6,
  "fields": {
    "user": [
      "dt@mailsac.com"
    ],
    "item_subtotal": "2000.00",
    "shipping_fee": "0.00",
    "total_price": "2360.00",
    "tax": "360.00",
    "applied_coupon": null,
    "coupon_discount": "0.00",
    "created_at": "2025-12-31T06:00:20.539Z",
    "updated_at": "2025-12-31T06:08:50.858Z"
  }
},
{
  "model": "cart.cart",
  "pk": 7,
  "fields": {
    "user": [
      "vb@mailsac.com"
    ],
    "item_subtotal": "0.00",
    "shipping_fee": "0.00",
    "total_price": "0.00",
    "tax": "0.00",
    "applied_coupon": null,
    "coupon_discount": "0.00",
    "created_at": "2026-01-08T03:42:43.369Z",
    "updated_at": "2026-01-08T03:53:31.766Z"
  }
},
{
  "model": "cart.cart",
  "pk": 8,
  "fields": {
    "user": [
      "gb@mailsac.com"
    ],
    "item_subtotal": "0.00",
    "shipping_fee": "0.00",
    "total_price": "0.00",
    "tax": "0.00",
    "applied_coupon": null,
    "coupon_discount": "0.00",
    "created_at": "2026-01-14T07:51:23.977Z",
    "updated_at": "2026-01-14T07:55:13.277Z"
  }
},
{
  "model": "cart.cart",
  "pk": 9,
  "fields": {
    "user": [
      "ds@mailsac.com"
    ],
    "item_subtotal": "0.00",
    "shipping_fee": "0.00",
    "total_price": "0.00",
    "tax": "0.00",
    "applied_coupon": null,
    "coupon_discount": "0.00",
    "created_at": "2026-01-14T09:07:38.222Z",
    "updated_at": "2026-01-15T03:45:09.991Z"
  }
},
{
  "model": "cart.cart",
  "pk": 10,
  "fields": {
    "user": [
      "bts@mailsac.com"
    ],
    "item_subtotal": "3200.00",
    "shipping_fee": "0.00",
    "total_price": "3776.00",
    "tax": "576.00",
    "applied_coupon": null,
    "coupon_discount": "0.00",
    "created_at": "2026-01-15T04:51:40.954Z",
    "updated_at": "2026-01-15T06:07:49.884Z"
  }
},
{
  "model": "cart.cart",
  "pk": 11,
  "fields": {
    "user": [
      "btt@mailsac.com"
    ],
    "item_subtotal": "0.00",
    "shipping_fee": "0.00",
    "total_price": "0.00",
    "tax": "0.00",
    "applied_coupon": null,
    "coupon_discount": "0.00",
    "created_at": "2026-01-15T11:23:32.820Z",
    "updated_at": "2026-01-15T11:25:00.316Z"
  }
},
{
  "model": "cart.cartitems",
  "pk": 104,
  "fields": {
    "cart": 2,
    "variant": 39,
    "quantity": 1,
    "unit_price": "2000.00",
    "total_price": "1456.12",
    "tax_amount": "222.12",
    "created_at": "2025-12-16T09:33:20.355Z",
    "updated_at": "2025-12-16T09:33:20.355Z"
  }
},
{
  "model": "cart.cartitems",
  "pk": 208,
  "fields": {
    "cart": 6,
    "variant": 37,
    "quantity": 1,
    "unit_price": "2000.00",
    "total_price": "2360.00",
    "tax_amount": "360.00",
    "created_at": "2025-12-31T06:08:21.065Z",
    "updated_at": "2025-12-31T06:08:21.065Z"
  }
},
{
  "model": "cart.cartitems",
  "pk": 296,
  "fields": {
    "cart": 4,
    "variant": 8,
    "quantity": 1,
    "unit_price": "2899.00",
    "total_price": "2899.00",
    "tax_amount": "0.00",
    "created_at": "2026-01-14T03:54:26.543Z",
    "updated_at": "2026-01-14T03:54:26.543Z"
  }
},
{
  "model": "cart.cartitems",
  "pk": 297,
  "fields": {
    "cart": 4,
    "variant": 10,
    "quantity": 1,
    "unit_price": "2399.00",
    "total_price": "2399.00",
    "tax_amount": "0.00",
    "created_at": "2026-01-14T03:54:35.915Z",
    "updated_at": "2026-01-14T03:54:35.915Z"
  }
},
{
  "model": "cart.cartitems",
  "pk": 324,
  "fields": {
    "cart": 10,
    "variant": 37,
    "quantity": 1,
    "unit_price": "2000.00",
    "total_price": "2360.00",
    "tax_amount": "360.00",
    "created_at": "2026-01-15T05:58:19.738Z",
    "updated_at": "2026-01-15T05:58:19.738Z"
  }
},
{
  "model": "cart.cartitems",
  "pk": 325,
  "fields": {
    "cart": 10,
    "variant": 41,
    "quantity": 1,
    "unit_price": "1200.00",
    "total_price": "1416.00",
    "tax_amount": "216.00",
    "created_at": "2026-01-15T06:06:06.048Z",
    "updated_at": "2026-01-15T06:06:06.048Z"
  }
},
{
  "model": "orders.order",
  "pk": 1,
  "fields": {
    "uuid": "eb41b08f-c2e5-4f0f-a3b7-0d0cecae2722",
    "razorpay_order_id": null,
    "razorpay_payment_id": null,
    "user": [
      "jp@mailsac.com"
    ],
    "address": null,
    "full_name": null,
    "phone": null,
    "address_line1": null,
    "address_line2": null,
    "city": null,
    "state": null,
    "country": "India",
    "pincode": null,
    "payment_method": "COD",
    "payment_status": "not paid",
    "subtotal": "849.60",
    "tax": "152.93",
    "shipping_fee": "0.00",
    "coupon": null,
    "coupon_discount": "0.00",
    "total": "1002.53",
    "created_at": "2025-12-08T05:07:24.589Z",
    "updated_at": "2025-12-13T05:03:12.235Z",
    "order_number": "sz1001"
  }
},
{
  "model": "orders.order",
  "pk": 2,
  "fields": {
    "uuid": "56590b59-1a14-4c31-ac41-083035100e0a",
    "razorpay_order_id": null,
    "razorpay_payment_id": null,
    "user": [
      "jp@mailsac.com"
    ],
    "address": null,
    "full_name": null,
    "phone": null,
    "address_line1": null,
    "address_line2": null,
    "city": null,
    "state": null,
    "country": "India",
    "pincode": null,
    "payment_method": "COD",
    "payment_status": "not paid",
    "subtotal": "73720.50",
    "tax": "13269.69",
    "shipping_fee": "0.00",
    "coupon": null,
    "coupon_discount": "0.00",
    "total": "86990.19",
    "created_at": "2025-12-08T05:08:33.566Z",
    "updated_at": "2025-12-13T05:03:12.150Z",
    "order_number": "sz1002"
  }
},
{
  "model": "orders.order",
  "pk": 3,
  "fields": {
    "uuid": "95de8c37-1c20-4a04-958f-2c7c6b50a86b",
    "razorpay_order_id": null,
    "razorpay_payment_id": null,
    "user": [
      "jp@mailsac.com"
    ],
    "address": null,
    "full_name": null,
    "phone": null,
    "address_line1": null,
    "address_line2": null,
    "city": null,
    "state": null,
    "country": "India",
    "pincode": null,
    "payment_method": "COD",
    "payment_status": "not paid",
    "subtotal": "0.00",
    "tax": "0.00",
    "shipping_fee": "0.00",
    "coupon": null,
    "coupon_discount": "0.00",
    "total": "0.00",
    "created_at": "2025-12-08T05:20:59.042Z",
    "updated_at": "2025-12-13T05:03:12.219Z",
    "order_number": "sz1003"
  }
},
{
  "model": "orders.order",
  "pk": 4,
  "fields": {
    "uuid": "bac2e181-8442-4b3e-8be5-b2e05e477a01",
    "razorpay_order_id": null,
    "razorpay_payment_id": null,
    "user": [
      "jp@mailsac.com"
    ],
    "address": null,
    "full_name": null,
    "phone": null,
    "address_line1": null,
    "address_line2": null,
    "city": null,
    "state": null,
    "country": "India",
    "pincode": null,
    "payment_method": "COD",
    "payment_status": "not paid",
    "subtotal": "3398.40",
    "tax": "611.71",
    "shipping_fee": "0.00",
    "coupon": null,
    "coupon_discount": "0.00",
    "total": "4010.11",
    "created_at": "2025-12-08T15:27:47.445Z",
    "updated_at": "2025-12-13T05:03:12.223Z",
    "order_number": "sz1004"
  }
},
{
  "model": "orders.order",
  "pk": 5,
  "fields": {
    "uuid": "b3db5b9d-226f-436b-9430-d711212031a5",
    "razorpay_order_id": null,
    "razorpay_payment_id": null,
    "user": [
      "jp@mailsac.com"
    ],
    "address": null,
    "full_name": null,
    "phone": null,
    "address_line1": null,
    "address_line2": null,
    "city": null,
    "state": null,
    "country": "India",
    "pincode": null,
    "payment_method": "COD",
    "payment_status": "not paid",
    "subtotal": "1593.00",
    "tax": "286.74",
    "shipping_fee": "0.00",
    "coupon": null,
    "coupon_discount": "0.00",
    "total": "1879.74",
    "created_at": "2025-12-08T15:36:22.514Z",
    "updated_at": "2025-12-13T05:03:12.227Z",
    "order_number": "sz1005"
  }
},
{
  "model": "orders.order",
  "pk": 6,
  "fields": {
    "uuid": "9879073e-b663-4d18-b68c-ce55145c45d4",
    "razorpay_order_id": null,
    "razorpay_payment_id": null,
    "user": [
      "jp@mailsac.com"
    ],
    "address": null,
    "full_name": null,
    "phone": null,
    "address_line1": null,
    "address_line2": null,
    "city": null,
    "state": null,
    "country": "India",
    "pincode": null,
    "payment_method": "COD",
    "payment_status": "not paid",
    "subtotal": "0.00",
    "tax": "0.00",
    "shipping_fee": "50.00",
    "coupon": null,
    "coupon_discount": "0.00",
    "total": "50.00",
    "created_at": "2025-12-08T15:38:59.333Z",
    "updated_at": "2025-12-13T05:03:12.232Z",
    "order_number": "sz1006"
  }
},
{
  "model": "orders.order",
  "pk": 7,
  "fields": {
    "uuid": "d06eca52-0dd8-4ce5-ae97-b8ca05623af7",
    "razorpay_order_id": null,
    "razorpay_payment_id": null,
    "user": [
      "jp@mailsac.com"
    ],
    "address": null,
    "full_name": null,
    "phone": null,
    "address_line1": null,
    "address_line2": null,
    "city": null,
    "state": null,
    "country": "India",
    "pincode": null,
    "payment_method": "COD",
    "payment_status": "not paid",
    "subtotal": "1593.00",
    "tax": "286.74",
    "shipping_fee": "0.00",
    "coupon": null,
    "coupon_discount": "0.00",
    "total": "1879.74",
    "created_at": "2025-12-09T05:32:32.852Z",
    "updated_at": "2025-12-13T05:03:12.239Z",
    "order_number": "sz1007"
  }
},
{
  "model": "orders.order",
  "pk": 8,
  "fields": {
    "uuid": "c5a4f591-3f34-4dad-bc1b-33c2f254df94",
    "razorpay_order_id": null,
    "razorpay_payment_id": null,
    "user": [
      "jp@mailsac.com"
    ],
    "address": null,
    "full_name": null,
    "phone": null,
    "address_line1": null,
    "address_line2": null,
    "city": null,
    "state": null,
    "country": "India",
    "pincode": null,
    "payment_method": "COD",
    "payment_status": "not paid",
    "subtotal": "920.40",
    "tax": "165.67",
    "shipping_fee": "0.00",
    "coupon": null,
    "coupon_discount": "0.00",
    "total": "1086.07",
    "created_at": "2025-12-09T07:21:59.325Z",
    "updated_at": "2025-12-13T05:03:12.243Z",
    "order_number": "sz1008"
  }
},
{
  "model": "orders.order",
  "pk": 9,
  "fields": {
    "uuid": "28aabc6b-0dcf-4018-ae1d-43d07bca3972",
    "razorpay_order_id": null,
    "razorpay_payment_id": null,
    "user": [
      "jarjun042000@gmail.com"
    ],
    "address": null,
    "full_name": null,
    "phone": null,
    "address_line1": null,
    "address_line2": null,
    "city": null,
    "state": null,
    "country": "India",
    "pincode": null,
    "payment_method": "COD",
    "payment_status": "not paid",
    "subtotal": "0.00",
    "tax": "0.00",
    "shipping_fee": "0.00",
    "coupon": null,
    "coupon_discount": "0.00",
    "total": "0.00",
    "created_at": "2025-12-10T06:37:44.400Z",
    "updated_at": "2025-12-13T05:03:12.247Z",
    "order_number": "sz1009"
  }
},
{
  "model": "orders.order",
  "pk": 10,
  "fields": {
    "uuid": "2ff2fc0f-db75-4e0a-8fae-92e92c60d2d9",
    "razorpay_order_id": null,
    "razorpay_payment_id": null,
    "user": [
      "jarjun042000@gmail.com"
    ],
    "address": null,
    "full_name": null,
    "phone": null,
    "address_line1": null,
    "address_line2": null,
    "city": null,
    "state": null,
    "country": "India",
    "pincode": null,
    "payment_method": "COD",
    "payment_status": "not paid",
    "subtotal": "19647.00",
    "tax": "3536.46",
    "shipping_fee": "0.00",
    "coupon": null,
    "coupon_discount": "0.00",
    "total": "23183.46",
    "created_at": "2025-12-10T12:07:25.103Z",
    "updated_at": "2025-12-13T05:03:12.251Z",
    "order_number": "sz1010"
  }
},
{
  "model": "orders.order",
  "pk": 11,
  "fields": {
    "uuid": "8fed96e0-8a3c-44d0-ac45-4c185fbc9361",
    "razorpay_order_id": null,
    "razorpay_payment_id": null,
    "user": [
      "jarjun042000@gmail.com"
    ],
    "address": null,
    "full_name": null,
    "phone": null,
    "address_line1": null,
    "address_line2": null,
    "city": null,
    "state": null,
    "country": "India",
    "pincode": null,
    "payment_method": "COD",
    "payment_status": "not paid",
    "subtotal": "54575.00",
    "tax": "9823.50",
    "shipping_fee": "0.00",
    "coupon": null,
    "coupon_discount": "0.00",
    "total": "64398.50",
    "created_at": "2025-12-10T12:08:17.998Z",
    "updated_at": "2025-12-13T05:03:12.254Z",
    "order_number": "sz1011"
  }
},
{
  "model": "orders.order",
  "pk": 12,
  "fields": {
    "uuid": "931e6350-17c7-4b70-8dd8-a98d0d33cc49",
    "razorpay_order_id": null,
    "razorpay_payment_id": null,
    "user": [
      "jarjun042000@gmail.com"
    ],
    "address": null,
    "full_name": null,
    "phone": null,
    "address_line1": null,
    "address_line2": null,
    "city": null,
    "state": null,
    "country": "India",
    "pincode": null,
    "payment_method": "COD",
    "payment_status": "not paid",
    "subtotal": "0.00",
    "tax": "0.00",
    "shipping_fee": "0.00",
    "coupon": null,
    "coupon_discount": "0.00",
    "total": "0.00",
    "created_at": "2025-12-11T07:07:38.866Z",
    "updated_at": "2025-12-13T05:03:12.257Z",
    "order_number": "sz1012"
  }
},
{
  "model": "orders.order",
  "pk": 13,
  "fields": {
    "uuid": "24767d9c-0371-4dba-9078-a53a1773caf4",
    "razorpay_order_id": null,
    "razorpay_payment_id": null,
    "user": [
      "jarjun042000@gmail.com"
    ],
    "address": null,
    "full_name": null,
    "phone": null,
    "address_line1": null,
    "address_line2": null,
    "city": null,
    "state": null,
    "country": "India",
    "pincode": null,
    "payment_method": "COD",
    "payment_status": "not paid",
    "subtotal": "0.00",
    "tax": "0.00",
    "shipping_fee": "0.00",
    "coupon": null,
    "coupon_discount": "0.00",
    "total": "0.00",
    "created_at": "2025-12-15T09:46:05.933Z",
    "updated_at": "2025-12-15T09:46:05.933Z",
    "order_number": "sz1013"
  }
},
{
  "model": "orders.order",
  "pk": 14,
  "fields": {
    "uuid": "999e21c5-d78b-42f6-a05c-28b03dc3b4b2",
    "razorpay_order_id": null,
    "razorpay_payment_id": null,
    "user": [
      "jarjun042000@gmail.com"
    ],
    "address": null,
    "full_name": null,
    "phone": null,
    "address_line1": null,
    "address_line2": null,
    "city": null,
    "state": null,
    "country": "India",
    "pincode": null,
    "payment_method": "COD",
    "payment_status": "not paid",
    "subtotal": "0.00",
    "tax": "0.00",
    "shipping_fee": "0.00",
    "coupon": null,
    "coupon_discount": "0.00",
    "total": "0.00",
    "created_at": "2025-12-16T00:23:42.893Z",
    "updated_at": "2025-12-16T00:23:42.893Z",
    "order_number": "sz1014"
  }
},
{
  "model": "orders.order",
  "pk": 15,
  "fields": {
    "uuid": "90d42e4d-6cb4-4213-aee3-505ef3c402db",
    "razorpay_order_id": null,
    "razorpay_payment_id": null,
    "user": [
      "jp@mailsac.com"
    ],
    "address": null,
    "full_name": null,
    "phone": null,
    "address_line1": null,
    "address_line2": null,
    "city": null,
    "state": null,
    "country": "India",
    "pincode": null,
    "payment_method": "COD",
    "payment_status": "not paid",
    "subtotal": "4720.00",
    "tax": "849.60",
    "shipping_fee": "0.00",
    "coupon": null,
    "coupon_discount": "0.00",
    "total": "5569.60",
    "created_at": "2025-12-16T06:15:42.404Z",
    "updated_at": "2025-12-16T06:15:42.404Z",
    "order_number": "sz1015"
  }
},
{
  "model": "orders.order",
  "pk": 16,
  "fields": {
    "uuid": "a0a05108-bbc1-45b4-8e4d-4d1cf8ef6c65",
    "razorpay_order_id": null,
    "razorpay_payment_id": null,
    "user": [
      "jp@mailsac.com"
    ],
    "address": null,
    "full_name": null,
    "phone": null,
    "address_line1": null,
    "address_line2": null,
    "city": null,
    "state": null,
    "country": "India",
    "pincode": null,
    "payment_method": "COD",
    "payment_status": "not paid",
    "subtotal": "0.00",
    "tax": "0.00",
    "shipping_fee": "0.00",
    "coupon": null,
    "coupon_discount": "0.00",
    "total": "0.00",
    "created_at": "2025-12-16T07:32:19.471Z",
    "updated_at": "2025-12-16T07:32:19.471Z",
    "order_number": "sz1016"
  }
},
{
  "model": "orders.order",
  "pk": 17,
  "fields": {
    "uuid": "d94d04fe-1e07-4e74-a5f5-27994177ec56",
    "razorpay_order_id": null,
    "razorpay_payment_id": null,
    "user": [
      "jarjun042000@gmail.com"
    ],
    "address": null,
    "full_name": null,
    "phone": null,
    "address_line1": null,
    "address_line2": null,
    "city": null,
    "state": null,
    "country": "India",
    "pincode": null,
    "payment_method": "COD",
    "payment_status": "not paid",
    "subtotal": "60416.00",
    "tax": "10874.88",
    "shipping_fee": "0.00",
    "coupon": null,
    "coupon_discount": "0.00",
    "total": "71290.88",
    "created_at": "2025-12-18T05:27:59.979Z",
    "updated_at": "2025-12-18T05:27:59.979Z",
    "order_number": "sz1017"
  }
},
{
  "model": "orders.order",
  "pk": 18,
  "fields": {
    "uuid": "b0c99243-85ac-4971-8fc1-a28a350953e6",
    "razorpay_order_id": null,
    "razorpay_payment_id": null,
    "user": [
      "jarjun042000@gmail.com"
    ],
    "address": null,
    "full_name": null,
    "phone": null,
    "address_line1": null,
    "address_line2": null,
    "city": null,
    "state": null,
    "country": "India",
    "pincode": null,
    "payment_method": "COD",
    "payment_status": "not paid",
    "subtotal": "3078.74",
    "tax": "554.17",
    "shipping_fee": "0.00",
    "coupon": null,
    "coupon_discount": "0.00",
    "total": "3632.91",
    "created_at": "2025-12-24T11:08:06.503Z",
    "updated_at": "2025-12-24T11:08:06.503Z",
    "order_number": "sz1018"
  }
},
{
  "model": "orders.order",
  "pk": 19,
  "fields": {
    "uuid": "a4c661f8-3f9b-4218-9aad-27a3abcf6a6f",
    "razorpay_order_id": null,
    "razorpay_payment_id": null,
    "user": [
      "jarjun042000@gmail.com"
    ],
    "address": null,
    "full_name": null,
    "phone": null,
    "address_line1": null,
    "address_line2": null,
    "city": null,
    "state": null,
    "country": "India",
    "pincode": null,
    "payment_method": "COD",
    "payment_status": "not paid",
    "subtotal": "3078.74",
    "tax": "554.17",
    "shipping_fee": "0.00",
    "coupon": null,
    "coupon_discount": "0.00",
    "total": "3632.91",
    "created_at": "2025-12-24T11:11:07.645Z",
    "updated_at": "2025-12-24T11:11:07.645Z",
    "order_number": "sz1019"
  }
},
{
  "model": "orders.order",
  "pk": 20,
  "fields": {
    "uuid": "e473e2cd-089e-4068-ad42-8141f86c523b",
    "razorpay_order_id": null,
    "razorpay_payment_id": null,
    "user": [
      "jarjun042000@gmail.com"
    ],
    "address": null,
    "full_name": null,
    "phone": null,
    "address_line1": null,
    "address_line2": null,
    "city": null,
    "state": null,
    "country": "India",
    "pincode": null,
    "payment_method": "COD",
    "payment_status": "not paid",
    "subtotal": "16142.40",
    "tax": "2905.63",
    "shipping_fee": "0.00",
    "coupon": null,
    "coupon_discount": "0.00",
    "total": "19048.03",
    "created_at": "2025-12-24T12:06:24.327Z",
    "updated_at": "2025-12-24T12:06:24.327Z",
    "order_number": "sz1020"
  }
},
{
  "model": "orders.order",
  "pk": 21,
  "fields": {
    "uuid": "f8096c53-3c35-4ae7-8d53-baec7ed80f22",
    "razorpay_order_id": null,
    "razorpay_payment_id": null,
    "user": [
      "jarjun042000@gmail.com"
    ],
    "address": null,
    "full_name": null,
    "phone": null,
    "address_line1": null,
    "address_line2": null,
    "city": null,
    "state": null,
    "country": "India",
    "pincode": null,
    "payment_method": "COD",
    "payment_status": "not paid",
    "subtotal": "16142.40",
    "tax": "2905.63",
    "shipping_fee": "0.00",
    "coupon": null,
    "coupon_discount": "0.00",
    "total": "19048.03",
    "created_at": "2025-12-24T12:07:29.790Z",
    "updated_at": "2025-12-24T12:07:29.790Z",
    "order_number": "sz1021"
  }
},
{
  "model": "orders.order",
  "pk": 22,
  "fields": {
    "uuid": "a7a912fc-45f6-4cbe-97fc-3b094d6421ba",
    "razorpay_order_id": null,
    "razorpay_payment_id": null,
    "user": [
      "jarjun042000@gmail.com"
    ],
    "address": null,
    "full_name": null,
    "phone": null,
    "address_line1": null,
    "address_line2": null,
    "city": null,
    "state": null,
    "country": "India",
    "pincode": null,
    "payment_method": "COD",
    "payment_status": "not paid",
    "subtotal": "4534.86",
    "tax": "816.27",
    "shipping_fee": "0.00",
    "coupon": null,
    "coupon_discount": "0.00",
    "total": "5351.13",
    "created_at": "2025-12-24T13:54:49.624Z",
    "updated_at": "2025-12-24T13:54:49.624Z",
    "order_number": "sz1022"
  }
},
{
  "model": "orders.order",
  "pk": 23,
  "fields": {
    "uuid": "7387c170-aca7-4e0a-8781-752ba5d8a214",
    "razorpay_order_id": null,
    "razorpay_payment_id": null,
    "user": [
      "jarjun042000@gmail.com"
    ],
    "address": null,
    "full_name": null,
    "phone": null,
    "address_line1": null,
    "address_line2": null,
    "city": null,
    "state": null,
    "country": "India",
    "pincode": null,
    "payment_method": "COD",
    "payment_status": "not paid",
    "subtotal": "3078.74",
    "tax": "554.17",
    "shipping_fee": "0.00",
    "coupon": null,
    "coupon_discount": "0.00",
    "total": "3632.91",
    "created_at": "2025-12-24T14:00:00.336Z",
    "updated_at": "2025-12-24T14:00:00.336Z",
    "order_number": "sz1023"
  }
},
{
  "model": "orders.order",
  "pk": 24,
  "fields": {
    "uuid": "3b9afcf6-7eba-4112-b1d9-11d8c14198d2",
    "razorpay_order_id": null,
    "razorpay_payment_id": null,
    "user": [
      "jarjun042000@gmail.com"
    ],
    "address": null,
    "full_name": null,
    "phone": null,
    "address_line1": null,
    "address_line2": null,
    "city": null,
    "state": null,
    "country": "India",
    "pincode": null,
    "payment_method": "COD",
    "payment_status": "not paid",
    "subtotal": "3078.74",
    "tax": "469.64",
    "shipping_fee": "0.00",
    "coupon": null,
    "coupon_discount": "0.00",
    "total": "3078.74",
    "created_at": "2025-12-24T14:09:14.601Z",
    "updated_at": "2025-12-24T14:09:14.601Z",
    "order_number": null
  }
},
{
  "model": "orders.order",
  "pk": 28,
  "fields": {
    "uuid": "47db9268-5ed3-4d24-8b75-e680b0fba17a",
    "razorpay_order_id": null,
    "razorpay_payment_id": null,
    "user": [
      "jarjun042000@gmail.com"
    ],
    "address": null,
    "full_name": null,
    "phone": null,
    "address_line1": null,
    "address_line2": null,
    "city": null,
    "state": null,
    "country": "India",
    "pincode": null,
    "payment_method": "COD",
    "payment_status": "not paid",
    "subtotal": "4035.60",
    "tax": "615.60",
    "shipping_fee": "0.00",
    "coupon": null,
    "coupon_discount": "0.00",
    "total": "4035.60",
    "created_at": "2025-12-24T15:39:39.259Z",
    "updated_at": "2025-12-24T15:39:39.259Z",
    "order_number": "sz1028"
  }
},
{
  "model": "orders.order",
  "pk": 29,
  "fields": {
    "uuid": "6893e669-ff25-41d7-b8d7-21d350ab66ee",
    "razorpay_order_id": null,
    "razorpay_payment_id": null,
    "user": [
      "jarjun042000@gmail.com"
    ],
    "address": null,
    "full_name": null,
    "phone": null,
    "address_line1": null,
    "address_line2": null,
    "city": null,
    "state": null,
    "country": "India",
    "pincode": null,
    "payment_method": "COD",
    "payment_status": "not paid",
    "subtotal": "1456.12",
    "tax": "222.12",
    "shipping_fee": "0.00",
    "coupon": null,
    "coupon_discount": "0.00",
    "total": "1456.12",
    "created_at": "2025-12-26T04:49:56.853Z",
    "updated_at": "2025-12-26T04:49:56.853Z",
    "order_number": "sz1029"
  }
},
{
  "model": "orders.order",
  "pk": 30,
  "fields": {
    "uuid": "9da7bb06-f05a-48df-b05b-91e3b8df195c",
    "razorpay_order_id": null,
    "razorpay_payment_id": null,
    "user": [
      "bt@mailsac.com"
    ],
    "address": null,
    "full_name": null,
    "phone": null,
    "address_line1": null,
    "address_line2": null,
    "city": null,
    "state": null,
    "country": "India",
    "pincode": null,
    "payment_method": "COD",
    "payment_status": "not paid",
    "subtotal": "849.60",
    "tax": "152.93",
    "shipping_fee": "50.00",
    "coupon": null,
    "coupon_discount": "0.00",
    "total": "1052.53",
    "created_at": "2025-12-26T10:15:27.156Z",
    "updated_at": "2025-12-26T10:15:27.156Z",
    "order_number": "sz1030"
  }
},
{
  "model": "orders.order",
  "pk": 31,
  "fields": {
    "uuid": "f5491a45-8d18-42b7-b0dd-1af2c3e692bd",
    "razorpay_order_id": null,
    "razorpay_payment_id": null,
    "user": [
      "tt@mailsac.com"
    ],
    "address": null,
    "full_name": null,
    "phone": null,
    "address_line1": null,
    "address_line2": null,
    "city": null,
    "state": null,
    "country": "India",
    "pincode": null,
    "payment_method": "COD",
    "payment_status": "not paid",
    "subtotal": "0.00",
    "tax": "0.00",
    "shipping_fee": "0.00",
    "coupon": null,
    "coupon_discount": "0.00",
    "total": "0.00",
    "created_at": "2025-12-26T11:33:54.995Z",
    "updated_at": "2025-12-26T11:33:54.995Z",
    "order_number": "sz1031"
  }
},
{
  "model": "orders.order",
  "pk": 32,
  "fields": {
    "uuid": "02074115-9ed4-4701-afd9-a31b0119e257",
    "razorpay_order_id": null,
    "razorpay_payment_id": null,
    "user": [
      "tt@mailsac.com"
    ],
    "address": null,
    "full_name": null,
    "phone": null,
    "address_line1": null,
    "address_line2": null,
    "city": null,
    "state": null,
    "country": "India",
    "pincode": null,
    "payment_method": "COD",
    "payment_status": "not paid",
    "subtotal": "2907.70",
    "tax": "443.55",
    "shipping_fee": "0.00",
    "coupon": null,
    "coupon_discount": "0.00",
    "total": "2907.70",
    "created_at": "2025-12-26T11:49:50.772Z",
    "updated_at": "2025-12-26T11:49:50.772Z",
    "order_number": "sz1032"
  }
},
{
  "model": "orders.order",
  "pk": 33,
  "fields": {
    "uuid": "eb8a8f0f-6699-4b84-822e-f87a36c1ab6b",
    "razorpay_order_id": null,
    "razorpay_payment_id": null,
    "user": [
      "bt@mailsac.com"
    ],
    "address": null,
    "full_name": null,
    "phone": null,
    "address_line1": null,
    "address_line2": null,
    "city": null,
    "state": null,
    "country": "India",
    "pincode": null,
    "payment_method": "COD",
    "payment_status": "not paid",
    "subtotal": "849.60",
    "tax": "129.60",
    "shipping_fee": "0.00",
    "coupon": null,
    "coupon_discount": "0.00",
    "total": "849.60",
    "created_at": "2025-12-27T04:19:20.811Z",
    "updated_at": "2025-12-27T04:19:20.811Z",
    "order_number": "sz1033"
  }
},
{
  "model": "orders.order",
  "pk": 34,
  "fields": {
    "uuid": "070df04e-829f-4906-8b7f-71a048b74f9b",
    "razorpay_order_id": null,
    "razorpay_payment_id": null,
    "user": [
      "bt@mailsac.com"
    ],
    "address": null,
    "full_name": null,
    "phone": null,
    "address_line1": null,
    "address_line2": null,
    "city": null,
    "state": null,
    "country": "India",
    "pincode": null,
    "payment_method": "COD",
    "payment_status": "not paid",
    "subtotal": "2696.30",
    "tax": "411.30",
    "shipping_fee": "0.00",
    "coupon": null,
    "coupon_discount": "0.00",
    "total": "2696.30",
    "created_at": "2025-12-27T04:21:05.951Z",
    "updated_at": "2025-12-27T04:21:05.951Z",
    "order_number": "sz1034"
  }
},
{
  "model": "orders.order",
  "pk": 35,
  "fields": {
    "uuid": "c8464553-2dfa-4221-af5c-ef0281572e8e",
    "razorpay_order_id": null,
    "razorpay_payment_id": null,
    "user": [
      "bt@mailsac.com"
    ],
    "address": null,
    "full_name": null,
    "phone": null,
    "address_line1": null,
    "address_line2": null,
    "city": null,
    "state": null,
    "country": "India",
    "pincode": null,
    "payment_method": "COD",
    "payment_status": "not paid",
    "subtotal": "75815.00",
    "tax": "11565.00",
    "shipping_fee": "0.00",
    "coupon": null,
    "coupon_discount": "0.00",
    "total": "75815.00",
    "created_at": "2025-12-27T04:21:57.269Z",
    "updated_at": "2025-12-27T04:21:57.269Z",
    "order_number": "sz1035"
  }
},
{
  "model": "orders.order",
  "pk": 36,
  "fields": {
    "uuid": "9722d598-dbf1-47e5-b3fb-e0e84de765b2",
    "razorpay_order_id": null,
    "razorpay_payment_id": null,
    "user": [
      "bt@mailsac.com"
    ],
    "address": null,
    "full_name": null,
    "phone": null,
    "address_line1": null,
    "address_line2": null,
    "city": null,
    "state": null,
    "country": "India",
    "pincode": null,
    "payment_method": "COD",
    "payment_status": "not paid",
    "subtotal": "3816.12",
    "tax": "686.90",
    "shipping_fee": "0.00",
    "coupon": null,
    "coupon_discount": "0.00",
    "total": "4503.02",
    "created_at": "2025-12-28T07:06:18.089Z",
    "updated_at": "2025-12-28T07:06:18.089Z",
    "order_number": "sz1036"
  }
},
{
  "model": "orders.order",
  "pk": 37,
  "fields": {
    "uuid": "8d24915c-02de-42ee-bff5-43a28273b651",
    "razorpay_order_id": null,
    "razorpay_payment_id": null,
    "user": [
      "bt@mailsac.com"
    ],
    "address": null,
    "full_name": null,
    "phone": null,
    "address_line1": null,
    "address_line2": null,
    "city": null,
    "state": null,
    "country": "India",
    "pincode": null,
    "payment_method": "COD",
    "payment_status": "not paid",
    "subtotal": "6372.00",
    "tax": "1146.96",
    "shipping_fee": "0.00",
    "coupon": null,
    "coupon_discount": "0.00",
    "total": "7518.96",
    "created_at": "2025-12-28T08:38:11.481Z",
    "updated_at": "2025-12-28T08:38:11.481Z",
    "order_number": "sz1037"
  }
},
{
  "model": "orders.order",
  "pk": 38,
  "fields": {
    "uuid": "c221c6be-9519-444e-9db3-51f0fc4db864",
    "razorpay_order_id": null,
    "razorpay_payment_id": null,
    "user": [
      "bt@mailsac.com"
    ],
    "address": null,
    "full_name": null,
    "phone": null,
    "address_line1": null,
    "address_line2": null,
    "city": null,
    "state": null,
    "country": "India",
    "pincode": null,
    "payment_method": "COD",
    "payment_status": "not paid",
    "subtotal": "3186.00",
    "tax": "573.48",
    "shipping_fee": "0.00",
    "coupon": null,
    "coupon_discount": "0.00",
    "total": "3759.48",
    "created_at": "2025-12-28T08:43:09.909Z",
    "updated_at": "2025-12-28T08:43:09.909Z",
    "order_number": "sz1038"
  }
},
{
  "model": "orders.order",
  "pk": 39,
  "fields": {
    "uuid": "2803623d-e60f-4d97-9aa8-a76799393a25",
    "razorpay_order_id": null,
    "razorpay_payment_id": null,
    "user": [
      "bt@mailsac.com"
    ],
    "address": null,
    "full_name": null,
    "phone": null,
    "address_line1": null,
    "address_line2": null,
    "city": null,
    "state": null,
    "country": "India",
    "pincode": null,
    "payment_method": "COD",
    "payment_status": "not paid",
    "subtotal": "2912.24",
    "tax": "524.20",
    "shipping_fee": "0.00",
    "coupon": null,
    "coupon_discount": "0.00",
    "total": "3436.44",
    "created_at": "2025-12-28T08:45:16.112Z",
    "updated_at": "2025-12-28T08:45:16.112Z",
    "order_number": "sz1039"
  }
},
{
  "model": "orders.order",
  "pk": 40,
  "fields": {
    "uuid": "878104b7-08f0-4d34-a957-002fa5326db7",
    "razorpay_order_id": null,
    "razorpay_payment_id": null,
    "user": [
      "bt@mailsac.com"
    ],
    "address": null,
    "full_name": null,
    "phone": null,
    "address_line1": null,
    "address_line2": null,
    "city": null,
    "state": null,
    "country": "India",
    "pincode": null,
    "payment_method": "COD",
    "payment_status": "not paid",
    "subtotal": "2700.00",
    "tax": "486.00",
    "shipping_fee": "0.00",
    "coupon": 5,
    "coupon_discount": "200.00",
    "total": "2986.00",
    "created_at": "2025-12-28T09:02:50.660Z",
    "updated_at": "2025-12-28T09:02:50.660Z",
    "order_number": "sz1040"
  }
},
{
  "model": "orders.order",
  "pk": 41,
  "fields": {
    "uuid": "ea2a5afa-583a-4a34-a4c2-ec225b848dd5",
    "razorpay_order_id": null,
    "razorpay_payment_id": null,
    "user": [
      "bt@mailsac.com"
    ],
    "address": null,
    "full_name": null,
    "phone": null,
    "address_line1": null,
    "address_line2": null,
    "city": null,
    "state": null,
    "country": "India",
    "pincode": null,
    "payment_method": "COD",
    "payment_status": "not paid",
    "subtotal": "2000.00",
    "tax": "360.00",
    "shipping_fee": "0.00",
    "coupon": 5,
    "coupon_discount": "200.00",
    "total": "2160.00",
    "created_at": "2025-12-28T09:04:17.995Z",
    "updated_at": "2025-12-28T09:04:17.995Z",
    "order_number": "sz1041"
  }
},
{
  "model": "orders.order",
  "pk": 42,
  "fields": {
    "uuid": "7c96f78b-af01-4b53-b119-f7a2cb0b9d30",
    "razorpay_order_id": null,
    "razorpay_payment_id": null,
    "user": [
      "bt@mailsac.com"
    ],
    "address": null,
    "full_name": null,
    "phone": null,
    "address_line1": null,
    "address_line2": null,
    "city": null,
    "state": null,
    "country": "India",
    "pincode": null,
    "payment_method": "COD",
    "payment_status": "not paid",
    "subtotal": "0.00",
    "tax": "0.00",
    "shipping_fee": "0.00",
    "coupon": 5,
    "coupon_discount": "200.00",
    "total": "0.00",
    "created_at": "2025-12-28T09:05:47.674Z",
    "updated_at": "2025-12-28T09:05:47.674Z",
    "order_number": "sz1042"
  }
},
{
  "model": "orders.order",
  "pk": 43,
  "fields": {
    "uuid": "a87f33a1-11cd-4179-8e21-11e9586e456a",
    "razorpay_order_id": null,
    "razorpay_payment_id": null,
    "user": [
      "bt@mailsac.com"
    ],
    "address": null,
    "full_name": null,
    "phone": null,
    "address_line1": null,
    "address_line2": null,
    "city": null,
    "state": null,
    "country": "India",
    "pincode": null,
    "payment_method": "COD",
    "payment_status": "not paid",
    "subtotal": "16170.00",
    "tax": "2910.60",
    "shipping_fee": "0.00",
    "coupon": 5,
    "coupon_discount": "200.00",
    "total": "18880.60",
    "created_at": "2025-12-28T09:24:17.066Z",
    "updated_at": "2025-12-28T09:24:17.066Z",
    "order_number": "sz1043"
  }
},
{
  "model": "orders.order",
  "pk": 44,
  "fields": {
    "uuid": "fc8c5373-0ff1-4323-88d1-0bafb3654798",
    "razorpay_order_id": null,
    "razorpay_payment_id": null,
    "user": [
      "bt@mailsac.com"
    ],
    "address": null,
    "full_name": null,
    "phone": null,
    "address_line1": null,
    "address_line2": null,
    "city": null,
    "state": null,
    "country": "India",
    "pincode": null,
    "payment_method": "COD",
    "payment_status": "not paid",
    "subtotal": "16750.00",
    "tax": "3015.00",
    "shipping_fee": "0.00",
    "coupon": 5,
    "coupon_discount": "200.00",
    "total": "19565.00",
    "created_at": "2025-12-29T04:05:34.225Z",
    "updated_at": "2025-12-29T04:05:34.225Z",
    "order_number": "sz1044"
  }
},
{
  "model": "orders.order",
  "pk": 45,
  "fields": {
    "uuid": "b6ef28fc-0e3d-44ba-bccb-f53f35461af9",
    "razorpay_order_id": null,
    "razorpay_payment_id": null,
    "user": [
      "bt@mailsac.com"
    ],
    "address": null,
    "full_name": null,
    "phone": null,
    "address_line1": null,
    "address_line2": null,
    "city": null,
    "state": null,
    "country": "India",
    "pincode": null,
    "payment_method": "COD",
    "payment_status": "not paid",
    "subtotal": "1234.00",
    "tax": "222.12",
    "shipping_fee": "0.00",
    "coupon": 6,
    "coupon_discount": "200.00",
    "total": "1256.12",
    "created_at": "2025-12-29T04:14:46.170Z",
    "updated_at": "2025-12-29T04:14:46.170Z",
    "order_number": "sz1045"
  }
},
{
  "model": "orders.order",
  "pk": 46,
  "fields": {
    "uuid": "2c56b188-452f-49d3-942d-6f7af7bca1c1",
    "razorpay_order_id": null,
    "razorpay_payment_id": null,
    "user": [
      "bt@mailsac.com"
    ],
    "address": null,
    "full_name": null,
    "phone": null,
    "address_line1": null,
    "address_line2": null,
    "city": null,
    "state": null,
    "country": "India",
    "pincode": null,
    "payment_method": "wallet",
    "payment_status": "paid",
    "subtotal": "0.00",
    "tax": "0.00",
    "shipping_fee": "0.00",
    "coupon": 6,
    "coupon_discount": "200.00",
    "total": "0.00",
    "created_at": "2025-12-29T08:53:47.851Z",
    "updated_at": "2025-12-29T08:53:47.851Z",
    "order_number": "sz1046"
  }
},
{
  "model": "orders.order",
  "pk": 47,
  "fields": {
    "uuid": "bcc89fdd-72d3-4004-8c1a-4160b92e06ae",
    "razorpay_order_id": null,
    "razorpay_payment_id": null,
    "user": [
      "bt@mailsac.com"
    ],
    "address": null,
    "full_name": null,
    "phone": null,
    "address_line1": null,
    "address_line2": null,
    "city": null,
    "state": null,
    "country": "India",
    "pincode": null,
    "payment_method": "COD",
    "payment_status": "not paid",
    "subtotal": "1234.00",
    "tax": "222.12",
    "shipping_fee": "0.00",
    "coupon": 6,
    "coupon_discount": "200.00",
    "total": "1256.12",
    "created_at": "2025-12-29T10:15:45.573Z",
    "updated_at": "2025-12-29T10:15:45.573Z",
    "order_number": "sz1047"
  }
},
{
  "model": "orders.order",
  "pk": 48,
  "fields": {
    "uuid": "44a0152b-a54a-4af4-ac7e-3edbaf494051",
    "razorpay_order_id": null,
    "razorpay_payment_id": null,
    "user": [
      "bt@mailsac.com"
    ],
    "address": null,
    "full_name": null,
    "phone": null,
    "address_line1": null,
    "address_line2": null,
    "city": null,
    "state": null,
    "country": "India",
    "pincode": null,
    "payment_method": "COD",
    "payment_status": "not paid",
    "subtotal": "1100.00",
    "tax": "198.00",
    "shipping_fee": "0.00",
    "coupon": null,
    "coupon_discount": "0.00",
    "total": "1298.00",
    "created_at": "2025-12-29T10:18:18.279Z",
    "updated_at": "2025-12-29T10:18:18.279Z",
    "order_number": "sz1048"
  }
},
{
  "model": "orders.order",
  "pk": 49,
  "fields": {
    "uuid": "edc25a5d-8732-4744-840f-cc25433625ca",
    "razorpay_order_id": null,
    "razorpay_payment_id": null,
    "user": [
      "bt@mailsac.com"
    ],
    "address": null,
    "full_name": null,
    "phone": null,
    "address_line1": null,
    "address_line2": null,
    "city": null,
    "state": null,
    "country": "India",
    "pincode": null,
    "payment_method": "wallet",
    "payment_status": "paid",
    "subtotal": "0.00",
    "tax": "0.00",
    "shipping_fee": "0.00",
    "coupon": null,
    "coupon_discount": "0.00",
    "total": "0.00",
    "created_at": "2025-12-29T10:19:16.376Z",
    "updated_at": "2025-12-29T10:19:16.376Z",
    "order_number": "sz1049"
  }
},
{
  "model": "orders.order",
  "pk": 50,
  "fields": {
    "uuid": "557b8a1a-d3b8-4c55-bf56-d2dff845c4ed",
    "razorpay_order_id": null,
    "razorpay_payment_id": null,
    "user": [
      "bt@mailsac.com"
    ],
    "address": null,
    "full_name": null,
    "phone": null,
    "address_line1": null,
    "address_line2": null,
    "city": null,
    "state": null,
    "country": "India",
    "pincode": null,
    "payment_method": "wallet",
    "payment_status": "paid",
    "subtotal": "0.00",
    "tax": "0.00",
    "shipping_fee": "0.00",
    "coupon": 5,
    "coupon_discount": "200.00",
    "total": "0.00",
    "created_at": "2025-12-29T10:22:30.706Z",
    "updated_at": "2025-12-29T10:22:30.706Z",
    "order_number": "sz1050"
  }
},
{
  "model": "orders.order",
  "pk": 51,
  "fields": {
    "uuid": "a3875031-879d-4693-ae52-f0582420d51f",
    "razorpay_order_id": null,
    "razorpay_payment_id": null,
    "user": [
      "bt@mailsac.com"
    ],
    "address": null,
    "full_name": null,
    "phone": null,
    "address_line1": null,
    "address_line2": null,
    "city": null,
    "state": null,
    "country": "India",
    "pincode": null,
    "payment_method": "wallet",
    "payment_status": "paid",
    "subtotal": "0.00",
    "tax": "0.00",
    "shipping_fee": "0.00",
    "coupon": null,
    "coupon_discount": "0.00",
    "total": "0.00",
    "created_at": "2025-12-29T11:19:49.094Z",
    "updated_at": "2025-12-29T11:19:49.094Z",
    "order_number": "sz1051"
  }
},
{
  "model": "orders.order",
  "pk": 52,
  "fields": {
    "uuid": "5df1a7a8-58c0-425a-8e1f-b5ad421f0d7a",
    "razorpay_order_id": null,
    "razorpay_payment_id": null,
    "user": [
      "bt@mailsac.com"
    ],
    "address": null,
    "full_name": null,
    "phone": null,
    "address_line1": null,
    "address_line2": null,
    "city": null,
    "state": null,
    "country": "India",
    "pincode": null,
    "payment_method": "wallet",
    "payment_status": "paid",
    "subtotal": "0.00",
    "tax": "0.00",
    "shipping_fee": "0.00",
    "coupon": 7,
    "coupon_discount": "200.00",
    "total": "0.00",
    "created_at": "2025-12-29T11:51:34.149Z",
    "updated_at": "2025-12-29T11:51:34.149Z",
    "order_number": "sz1052"
  }
},
{
  "model": "orders.order",
  "pk": 53,
  "fields": {
    "uuid": "1386a62c-d37e-4d59-9892-21237c263658",
    "razorpay_order_id": null,
    "razorpay_payment_id": null,
    "user": [
      "bt@mailsac.com"
    ],
    "address": null,
    "full_name": null,
    "phone": null,
    "address_line1": null,
    "address_line2": null,
    "city": null,
    "state": null,
    "country": "India",
    "pincode": null,
    "payment_method": "wallet",
    "payment_status": "paid",
    "subtotal": "0.00",
    "tax": "0.00",
    "shipping_fee": "0.00",
    "coupon": 7,
    "coupon_discount": "200.00",
    "total": "0.00",
    "created_at": "2025-12-29T11:59:06.700Z",
    "updated_at": "2025-12-29T11:59:06.700Z",
    "order_number": "sz1053"
  }
},
{
  "model": "orders.order",
  "pk": 54,
  "fields": {
    "uuid": "ecb486a7-16d8-423a-9d11-9ee5fce7a0cb",
    "razorpay_order_id": null,
    "razorpay_payment_id": null,
    "user": [
      "bt@mailsac.com"
    ],
    "address": null,
    "full_name": null,
    "phone": null,
    "address_line1": null,
    "address_line2": null,
    "city": null,
    "state": null,
    "country": "India",
    "pincode": null,
    "payment_method": "wallet",
    "payment_status": "paid",
    "subtotal": "0.00",
    "tax": "0.00",
    "shipping_fee": "0.00",
    "coupon": 7,
    "coupon_discount": "289.90",
    "total": "0.00",
    "created_at": "2025-12-29T12:06:15.337Z",
    "updated_at": "2025-12-29T12:06:15.337Z",
    "order_number": "sz1054"
  }
},
{
  "model": "orders.order",
  "pk": 55,
  "fields": {
    "uuid": "d391c9e9-91f7-4ced-97d3-218e92e2cafa",
    "razorpay_order_id": null,
    "razorpay_payment_id": null,
    "user": [
      "bt@mailsac.com"
    ],
    "address": null,
    "full_name": null,
    "phone": null,
    "address_line1": null,
    "address_line2": null,
    "city": null,
    "state": null,
    "country": "India",
    "pincode": null,
    "payment_method": "wallet",
    "payment_status": "paid",
    "subtotal": "0.00",
    "tax": "0.00",
    "shipping_fee": "0.00",
    "coupon": 8,
    "coupon_discount": "200.00",
    "total": "0.00",
    "created_at": "2025-12-29T12:21:54.055Z",
    "updated_at": "2025-12-29T12:21:54.055Z",
    "order_number": "sz1055"
  }
},
{
  "model": "orders.order",
  "pk": 56,
  "fields": {
    "uuid": "b73b3170-1587-4189-a78e-504552334af1",
    "razorpay_order_id": null,
    "razorpay_payment_id": null,
    "user": [
      "bt@mailsac.com"
    ],
    "address": null,
    "full_name": null,
    "phone": null,
    "address_line1": null,
    "address_line2": null,
    "city": null,
    "state": null,
    "country": "India",
    "pincode": null,
    "payment_method": "wallet",
    "payment_status": "paid",
    "subtotal": "0.00",
    "tax": "0.00",
    "shipping_fee": "0.00",
    "coupon": 8,
    "coupon_discount": "200.00",
    "total": "0.00",
    "created_at": "2025-12-29T12:29:59.272Z",
    "updated_at": "2025-12-29T12:29:59.272Z",
    "order_number": "sz1056"
  }
},
{
  "model": "orders.order",
  "pk": 57,
  "fields": {
    "uuid": "1b21d070-19ff-43a7-aca0-bc6dc8763de9",
    "razorpay_order_id": null,
    "razorpay_payment_id": null,
    "user": [
      "bt@mailsac.com"
    ],
    "address": null,
    "full_name": null,
    "phone": null,
    "address_line1": null,
    "address_line2": null,
    "city": null,
    "state": null,
    "country": "India",
    "pincode": null,
    "payment_method": "wallet",
    "payment_status": "paid",
    "subtotal": "0.00",
    "tax": "0.00",
    "shipping_fee": "0.00",
    "coupon": 8,
    "coupon_discount": "289.90",
    "total": "0.00",
    "created_at": "2025-12-29T12:48:03.381Z",
    "updated_at": "2025-12-29T12:48:03.381Z",
    "order_number": "sz1057"
  }
},
{
  "model": "orders.order",
  "pk": 58,
  "fields": {
    "uuid": "647509bf-43a5-42c0-ab6d-ed3360ae1cf2",
    "razorpay_order_id": null,
    "razorpay_payment_id": null,
    "user": [
      "bt@mailsac.com"
    ],
    "address": null,
    "full_name": null,
    "phone": null,
    "address_line1": null,
    "address_line2": null,
    "city": null,
    "state": null,
    "country": "India",
    "pincode": null,
    "payment_method": "wallet",
    "payment_status": "paid",
    "subtotal": "0.00",
    "tax": "0.00",
    "shipping_fee": "0.00",
    "coupon": 8,
    "coupon_discount": "213.00",
    "total": "0.00",
    "created_at": "2025-12-29T12:54:22.851Z",
    "updated_at": "2025-12-29T12:54:22.851Z",
    "order_number": "sz1058"
  }
},
{
  "model": "orders.order",
  "pk": 59,
  "fields": {
    "uuid": "cecfc5de-6b21-466e-ac8c-e1259bc8bc07",
    "razorpay_order_id": null,
    "razorpay_payment_id": null,
    "user": [
      "bt@mailsac.com"
    ],
    "address": null,
    "full_name": null,
    "phone": null,
    "address_line1": null,
    "address_line2": null,
    "city": null,
    "state": null,
    "country": "India",
    "pincode": null,
    "payment_method": "wallet",
    "payment_status": "paid",
    "subtotal": "0.00",
    "tax": "0.00",
    "shipping_fee": "0.00",
    "coupon": 8,
    "coupon_discount": "207.00",
    "total": "0.00",
    "created_at": "2025-12-29T12:58:44.925Z",
    "updated_at": "2025-12-29T12:58:44.925Z",
    "order_number": "sz1059"
  }
},
{
  "model": "orders.order",
  "pk": 60,
  "fields": {
    "uuid": "2d42c1ca-03fa-4e87-892d-1e937d1b8f71",
    "razorpay_order_id": null,
    "razorpay_payment_id": null,
    "user": [
      "bt@mailsac.com"
    ],
    "address": null,
    "full_name": null,
    "phone": null,
    "address_line1": null,
    "address_line2": null,
    "city": null,
    "state": null,
    "country": "India",
    "pincode": null,
    "payment_method": "wallet",
    "payment_status": "paid",
    "subtotal": "0.00",
    "tax": "0.00",
    "shipping_fee": "0.00",
    "coupon": 8,
    "coupon_discount": "300.00",
    "total": "0.00",
    "created_at": "2025-12-29T13:02:58.585Z",
    "updated_at": "2025-12-29T13:02:58.585Z",
    "order_number": "sz1060"
  }
},
{
  "model": "orders.order",
  "pk": 61,
  "fields": {
    "uuid": "a74c9446-9b7e-4f0d-b34e-b5cf2893eb86",
    "razorpay_order_id": null,
    "razorpay_payment_id": null,
    "user": [
      "bt@mailsac.com"
    ],
    "address": null,
    "full_name": null,
    "phone": null,
    "address_line1": null,
    "address_line2": null,
    "city": null,
    "state": null,
    "country": "India",
    "pincode": null,
    "payment_method": "wallet",
    "payment_status": "paid",
    "subtotal": "0.00",
    "tax": "0.00",
    "shipping_fee": "0.00",
    "coupon": 8,
    "coupon_discount": "213.00",
    "total": "0.00",
    "created_at": "2025-12-29T13:05:25.565Z",
    "updated_at": "2025-12-29T13:05:25.565Z",
    "order_number": "sz1061"
  }
},
{
  "model": "orders.order",
  "pk": 62,
  "fields": {
    "uuid": "2759db9e-6672-46e8-a32d-7480069da243",
    "razorpay_order_id": null,
    "razorpay_payment_id": null,
    "user": [
      "bt@mailsac.com"
    ],
    "address": null,
    "full_name": null,
    "phone": null,
    "address_line1": null,
    "address_line2": null,
    "city": null,
    "state": null,
    "country": "India",
    "pincode": null,
    "payment_method": "wallet",
    "payment_status": "paid",
    "subtotal": "0.00",
    "tax": "0.00",
    "shipping_fee": "0.00",
    "coupon": 8,
    "coupon_discount": "213.00",
    "total": "0.00",
    "created_at": "2025-12-29T13:25:42.900Z",
    "updated_at": "2025-12-29T13:25:42.900Z",
    "order_number": "sz1062"
  }
},
{
  "model": "orders.order",
  "pk": 63,
  "fields": {
    "uuid": "8c0c34de-3618-4bb2-96ae-7723322f0a0c",
    "razorpay_order_id": null,
    "razorpay_payment_id": null,
    "user": [
      "bt@mailsac.com"
    ],
    "address": null,
    "full_name": null,
    "phone": null,
    "address_line1": null,
    "address_line2": null,
    "city": null,
    "state": null,
    "country": "India",
    "pincode": null,
    "payment_method": "wallet",
    "payment_status": "paid",
    "subtotal": "0.00",
    "tax": "243.00",
    "shipping_fee": "0.00",
    "coupon": 8,
    "coupon_discount": "0.00",
    "total": "0.00",
    "created_at": "2025-12-29T13:30:59.725Z",
    "updated_at": "2025-12-29T13:30:59.725Z",
    "order_number": "sz1063"
  }
},
{
  "model": "orders.order",
  "pk": 64,
  "fields": {
    "uuid": "595cbb88-57b4-4003-bf47-2603dd7afd97",
    "razorpay_order_id": null,
    "razorpay_payment_id": null,
    "user": [
      "bt@mailsac.com"
    ],
    "address": null,
    "full_name": null,
    "phone": null,
    "address_line1": null,
    "address_line2": null,
    "city": null,
    "state": null,
    "country": "India",
    "pincode": null,
    "payment_method": "wallet",
    "payment_status": "paid",
    "subtotal": "1593.00",
    "tax": "383.40",
    "shipping_fee": "0.00",
    "coupon": 8,
    "coupon_discount": "135.00",
    "total": "1458.00",
    "created_at": "2025-12-29T13:54:59.491Z",
    "updated_at": "2025-12-29T13:54:59.491Z",
    "order_number": "sz1064"
  }
},
{
  "model": "orders.order",
  "pk": 65,
  "fields": {
    "uuid": "9c7bc310-1d98-4eae-bab5-9c6fae668682",
    "razorpay_order_id": null,
    "razorpay_payment_id": null,
    "user": [
      "bt@mailsac.com"
    ],
    "address": null,
    "full_name": null,
    "phone": null,
    "address_line1": null,
    "address_line2": null,
    "city": null,
    "state": null,
    "country": "India",
    "pincode": null,
    "payment_method": "wallet",
    "payment_status": "paid",
    "subtotal": "1711.00",
    "tax": "390.60",
    "shipping_fee": "0.00",
    "coupon": null,
    "coupon_discount": "0.00",
    "total": "1711.00",
    "created_at": "2025-12-29T13:57:40.693Z",
    "updated_at": "2025-12-29T13:57:40.693Z",
    "order_number": "sz1065"
  }
},
{
  "model": "orders.order",
  "pk": 67,
  "fields": {
    "uuid": "edf8d920-d908-4ff9-8c35-55d31ce30106",
    "razorpay_order_id": null,
    "razorpay_payment_id": null,
    "user": [
      "bt@mailsac.com"
    ],
    "address": null,
    "full_name": null,
    "phone": null,
    "address_line1": null,
    "address_line2": null,
    "city": null,
    "state": null,
    "country": "India",
    "pincode": null,
    "payment_method": "razorpay",
    "payment_status": "pending",
    "subtotal": "2000.00",
    "tax": "360.00",
    "shipping_fee": "0.00",
    "coupon": null,
    "coupon_discount": "0.00",
    "total": "2360.00",
    "created_at": "2025-12-30T05:40:45.425Z",
    "updated_at": "2025-12-30T05:42:04.153Z",
    "order_number": "sz1067"
  }
},
{
  "model": "orders.order",
  "pk": 68,
  "fields": {
    "uuid": "da4d8f19-3387-4b24-a7d2-1db9b061486d",
    "razorpay_order_id": null,
    "razorpay_payment_id": null,
    "user": [
      "bt@mailsac.com"
    ],
    "address": null,
    "full_name": null,
    "phone": null,
    "address_line1": null,
    "address_line2": null,
    "city": null,
    "state": null,
    "country": "India",
    "pincode": null,
    "payment_method": "razorpay",
    "payment_status": "pending",
    "subtotal": "2000.00",
    "tax": "360.00",
    "shipping_fee": "0.00",
    "coupon": null,
    "coupon_discount": "0.00",
    "total": "2360.00",
    "created_at": "2025-12-30T05:51:39.720Z",
    "updated_at": "2025-12-30T05:51:40.049Z",
    "order_number": "sz1068"
  }
},
{
  "model": "orders.order",
  "pk": 70,
  "fields": {
    "uuid": "f728e919-1dbb-4252-b7b6-05398841e821",
    "razorpay_order_id": null,
    "razorpay_payment_id": null,
    "user": [
      "bt@mailsac.com"
    ],
    "address": null,
    "full_name": null,
    "phone": null,
    "address_line1": null,
    "address_line2": null,
    "city": null,
    "state": null,
    "country": "India",
    "pincode": null,
    "payment_method": "razorpay",
    "payment_status": "pending",
    "subtotal": "2000.00",
    "tax": "360.00",
    "shipping_fee": "0.00",
    "coupon": null,
    "coupon_discount": "0.00",
    "total": "2360.00",
    "created_at": "2025-12-30T05:55:52.424Z",
    "updated_at": "2025-12-30T05:55:52.424Z",
    "order_number": "sz1070"
  }
},
{
  "model": "orders.order",
  "pk": 71,
  "fields": {
    "uuid": "c894ccdf-a1a0-4962-a8da-1f50a45925b4",
    "razorpay_order_id": null,
    "razorpay_payment_id": null,
    "user": [
      "bt@mailsac.com"
    ],
    "address": null,
    "full_name": null,
    "phone": null,
    "address_line1": null,
    "address_line2": null,
    "city": null,
    "state": null,
    "country": "India",
    "pincode": null,
    "payment_method": "razorpay",
    "payment_status": "pending",
    "subtotal": "2000.00",
    "tax": "360.00",
    "shipping_fee": "0.00",
    "coupon": null,
    "coupon_discount": "0.00",
    "total": "2360.00",
    "created_at": "2025-12-30T05:56:13.705Z",
    "updated_at": "2025-12-30T05:56:13.705Z",
    "order_number": "sz1071"
  }
},
{
  "model": "orders.order",
  "pk": 72,
  "fields": {
    "uuid": "d82a4d27-2ae0-4c58-b20d-2a6237ae33f8",
    "razorpay_order_id": "order_RxsjV3zVzadXpX",
    "razorpay_payment_id": "pay_RxsjmST4XkbeZt",
    "user": [
      "bt@mailsac.com"
    ],
    "address": null,
    "full_name": null,
    "phone": null,
    "address_line1": null,
    "address_line2": null,
    "city": null,
    "state": null,
    "country": "India",
    "pincode": null,
    "payment_method": "razorpay",
    "payment_status": "paid",
    "subtotal": "2000.00",
    "tax": "360.00",
    "shipping_fee": "0.00",
    "coupon": null,
    "coupon_discount": "0.00",
    "total": "2360.00",
    "created_at": "2025-12-30T06:02:30.034Z",
    "updated_at": "2025-12-30T06:02:30.034Z",
    "order_number": "sz1072"
  }
},
{
  "model": "orders.order",
  "pk": 73,
  "fields": {
    "uuid": "16840b78-1757-4101-b329-c8ce13acf6de",
    "razorpay_order_id": "order_RxikWDN5g0aIc1",
    "razorpay_payment_id": "pay_Rxil80CdfcMmtZ",
    "user": [
      "bt@mailsac.com"
    ],
    "address": null,
    "full_name": null,
    "phone": null,
    "address_line1": null,
    "address_line2": null,
    "city": null,
    "state": null,
    "country": "India",
    "pincode": null,
    "payment_method": "razorpay",
    "payment_status": "paid",
    "subtotal": "0.00",
    "tax": "360.00",
    "shipping_fee": "0.00",
    "coupon": null,
    "coupon_discount": "0.00",
    "total": "0.00",
    "created_at": "2025-12-30T06:09:14.641Z",
    "updated_at": "2025-12-30T06:09:14.641Z",
    "order_number": "sz1073"
  }
},
{
  "model": "orders.order",
  "pk": 74,
  "fields": {
    "uuid": "08f75c0c-d8b5-44fb-a219-44cb064ce10b",
    "razorpay_order_id": "order_RxoeqwBHiTxTN9",
    "razorpay_payment_id": "pay_Rxof0hIEXwmJOX",
    "user": [
      "bt@mailsac.com"
    ],
    "address": null,
    "full_name": null,
    "phone": null,
    "address_line1": null,
    "address_line2": null,
    "city": null,
    "state": null,
    "country": "India",
    "pincode": null,
    "payment_method": "razorpay",
    "payment_status": "paid",
    "subtotal": "1230.00",
    "tax": "221.40",
    "shipping_fee": "0.00",
    "coupon": null,
    "coupon_discount": "0.00",
    "total": "1451.40",
    "created_at": "2025-12-30T06:20:52.050Z",
    "updated_at": "2025-12-30T06:20:52.050Z",
    "order_number": "sz1074"
  }
},
{
  "model": "orders.order",
  "pk": 75,
  "fields": {
    "uuid": "58631812-b95e-491c-be78-6c2ff781f948",
    "razorpay_order_id": "order_Rxj755iTdvj2p2",
    "razorpay_payment_id": "pay_Rxj7bUhmNCKOS2",
    "user": [
      "bt@mailsac.com"
    ],
    "address": null,
    "full_name": null,
    "phone": null,
    "address_line1": null,
    "address_line2": null,
    "city": null,
    "state": null,
    "country": "India",
    "pincode": null,
    "payment_method": "razorpay",
    "payment_status": "paid",
    "subtotal": "2000.00",
    "tax": "360.00",
    "shipping_fee": "0.00",
    "coupon": null,
    "coupon_discount": "0.00",
    "total": "2360.00",
    "created_at": "2025-12-30T06:37:56.628Z",
    "updated_at": "2025-12-30T06:37:56.628Z",
    "order_number": "sz1075"
  }
},
{
  "model": "orders.order",
  "pk": 76,
  "fields": {
    "uuid": "dae9de28-a75f-45a7-a3ac-d493cafbcaf0",
    "razorpay_order_id": "order_Rxj9x5DYIFQ4qK",
    "razorpay_payment_id": "pay_RxjA5fckYMrs4U",
    "user": [
      "bt@mailsac.com"
    ],
    "address": null,
    "full_name": null,
    "phone": null,
    "address_line1": null,
    "address_line2": null,
    "city": null,
    "state": null,
    "country": "India",
    "pincode": null,
    "payment_method": "razorpay",
    "payment_status": "paid",
    "subtotal": "2000.00",
    "tax": "360.00",
    "shipping_fee": "0.00",
    "coupon": null,
    "coupon_discount": "0.00",
    "total": "2360.00",
    "created_at": "2025-12-30T06:40:40.608Z",
    "updated_at": "2025-12-30T06:40:40.608Z",
    "order_number": "sz1076"
  }
},
{
  "model": "orders.order",
  "pk": 77,
  "fields": {
    "uuid": "4c209958-79c2-4f76-b839-639da794bc2d",
    "razorpay_order_id": "order_RxlUqYA8cFvQmt",
    "razorpay_payment_id": "pay_RxlV5f8OwT9QFB",
    "user": [
      "bt@mailsac.com"
    ],
    "address": null,
    "full_name": null,
    "phone": null,
    "address_line1": null,
    "address_line2": null,
    "city": null,
    "state": null,
    "country": "India",
    "pincode": null,
    "payment_method": "razorpay",
    "payment_status": "paid",
    "subtotal": "2360.00",
    "tax": "581.40",
    "shipping_fee": "0.00",
    "coupon": 8,
    "coupon_discount": "185.76",
    "total": "2174.24",
    "created_at": "2025-12-30T06:41:43.954Z",
    "updated_at": "2025-12-30T06:41:43.954Z",
    "order_number": "sz1077"
  }
},
{
  "model": "orders.order",
  "pk": 79,
  "fields": {
    "uuid": "4c911dd1-6de9-42ad-8244-d872271da00b",
    "razorpay_order_id": "order_RxmzogbrmZPEDz",
    "razorpay_payment_id": "pay_Rxn00Vwzd3UXKB",
    "user": [
      "bt@mailsac.com"
    ],
    "address": null,
    "full_name": null,
    "phone": null,
    "address_line1": null,
    "address_line2": null,
    "city": null,
    "state": null,
    "country": "India",
    "pincode": null,
    "payment_method": "razorpay",
    "payment_status": "paid",
    "subtotal": "2790.00",
    "tax": "502.20",
    "shipping_fee": "0.00",
    "coupon": 8,
    "coupon_discount": "279.00",
    "total": "3013.20",
    "created_at": "2025-12-30T10:25:50.418Z",
    "updated_at": "2025-12-30T10:25:50.418Z",
    "order_number": "sz1079"
  }
},
{
  "model": "orders.order",
  "pk": 81,
  "fields": {
    "uuid": "93d0879c-4be8-4692-9c2d-05ed61ea633f",
    "razorpay_order_id": "order_Rxo4yt53f6SGxB",
    "razorpay_payment_id": "pay_Rxo59kAZMCR2Nt",
    "user": [
      "bt@mailsac.com"
    ],
    "address": null,
    "full_name": null,
    "phone": null,
    "address_line1": null,
    "address_line2": null,
    "city": null,
    "state": null,
    "country": "India",
    "pincode": null,
    "payment_method": "razorpay",
    "payment_status": "paid",
    "subtotal": "0.00",
    "tax": "360.00",
    "shipping_fee": "0.00",
    "coupon": null,
    "coupon_discount": "0.00",
    "total": "0.00",
    "created_at": "2025-12-30T11:29:25.579Z",
    "updated_at": "2025-12-30T11:29:25.579Z",
    "order_number": "sz1081"
  }
},
{
  "model": "orders.order",
  "pk": 82,
  "fields": {
    "uuid": "06d24c9c-1e76-4092-bbbd-7d4f81ae4270",
    "razorpay_order_id": "order_RxorvycWrOYoxn",
    "razorpay_payment_id": "pay_Rxos5JTkSV07sH",
    "user": [
      "bt@mailsac.com"
    ],
    "address": null,
    "full_name": null,
    "phone": null,
    "address_line1": null,
    "address_line2": null,
    "city": null,
    "state": null,
    "country": "India",
    "pincode": null,
    "payment_method": "razorpay",
    "payment_status": "paid",
    "subtotal": "0.00",
    "tax": "360.00",
    "shipping_fee": "0.00",
    "coupon": null,
    "coupon_discount": "0.00",
    "total": "0.00",
    "created_at": "2025-12-30T12:15:47.029Z",
    "updated_at": "2025-12-30T12:15:47.029Z",
    "order_number": "sz1082"
  }
},
{
  "model": "orders.order",
  "pk": 83,
  "fields": {
    "uuid": "d7ae0da8-a9b4-45ea-aa0f-d3b5ecfab8a1",
    "razorpay_order_id": "order_Rxp6Nce4IKA7Gn",
    "razorpay_payment_id": "pay_Rxp6YvTtOwM1ZK",
    "user": [
      "bt@mailsac.com"
    ],
    "address": null,
    "full_name": null,
    "phone": null,
    "address_line1": null,
    "address_line2": null,
    "city": null,
    "state": null,
    "country": "India",
    "pincode": null,
    "payment_method": "razorpay",
    "payment_status": "paid",
    "subtotal": "0.00",
    "tax": "491.40",
    "shipping_fee": "0.00",
    "coupon": 9,
    "coupon_discount": "0.00",
    "total": "0.00",
    "created_at": "2025-12-30T12:29:27.431Z",
    "updated_at": "2025-12-30T12:29:27.431Z",
    "order_number": "sz1083"
  }
},
{
  "model": "orders.order",
  "pk": 85,
  "fields": {
    "uuid": "787cbe2d-469c-4b8f-a30b-bafb0cbdc56f",
    "razorpay_order_id": "order_RxpdRKJeOj00dy",
    "razorpay_payment_id": "pay_RxpdbBy0BopEV3",
    "user": [
      "bt@mailsac.com"
    ],
    "address": null,
    "full_name": null,
    "phone": null,
    "address_line1": null,
    "address_line2": null,
    "city": null,
    "state": null,
    "country": "India",
    "pincode": null,
    "payment_method": "razorpay",
    "payment_status": "paid",
    "subtotal": "2360.00",
    "tax": "581.40",
    "shipping_fee": "0.00",
    "coupon": 9,
    "coupon_discount": "123.84",
    "total": "2236.16",
    "created_at": "2025-12-30T13:00:44.381Z",
    "updated_at": "2025-12-30T13:00:44.381Z",
    "order_number": "sz1085"
  }
},
{
  "model": "orders.order",
  "pk": 87,
  "fields": {
    "uuid": "4f6377fa-3094-4c6f-82a8-a4ce0c359239",
    "razorpay_order_id": null,
    "razorpay_payment_id": null,
    "user": [
      "bt@mailsac.com"
    ],
    "address": null,
    "full_name": null,
    "phone": null,
    "address_line1": null,
    "address_line2": null,
    "city": null,
    "state": null,
    "country": "India",
    "pincode": null,
    "payment_method": "wallet",
    "payment_status": "paid",
    "subtotal": "1350.00",
    "tax": "243.00",
    "shipping_fee": "0.00",
    "coupon": null,
    "coupon_discount": "0.00",
    "total": "1593.00",
    "created_at": "2025-12-30T15:41:47.390Z",
    "updated_at": "2025-12-30T15:41:47.390Z",
    "order_number": "sz1087"
  }
},
{
  "model": "orders.order",
  "pk": 88,
  "fields": {
    "uuid": "5262cc0e-87e9-42e1-b14e-93b0d24dbe4e",
    "razorpay_order_id": "order_Ry73nnOeakgmAE",
    "razorpay_payment_id": "pay_Ry73zUsHHKXHlL",
    "user": [
      "dt@mailsac.com"
    ],
    "address": null,
    "full_name": null,
    "phone": null,
    "address_line1": null,
    "address_line2": null,
    "city": null,
    "state": null,
    "country": "India",
    "pincode": null,
    "payment_method": "razorpay",
    "payment_status": "paid",
    "subtotal": "1451.40",
    "tax": "581.40",
    "shipping_fee": "0.00",
    "coupon": 9,
    "coupon_discount": "76.16",
    "total": "1375.24",
    "created_at": "2025-12-31T06:03:29.084Z",
    "updated_at": "2025-12-31T06:03:29.084Z",
    "order_number": "sz1088"
  }
},
{
  "model": "orders.order",
  "pk": 89,
  "fields": {
    "uuid": "8da25a7c-bc6e-45a1-b9b6-39743bbaba0c",
    "razorpay_order_id": "order_Ry9qyqM4DsdWQQ",
    "razorpay_payment_id": "pay_Ry9rEiidsDOgZC",
    "user": [
      "bt@mailsac.com"
    ],
    "address": null,
    "full_name": null,
    "phone": null,
    "address_line1": null,
    "address_line2": null,
    "city": null,
    "state": null,
    "country": "India",
    "pincode": null,
    "payment_method": "razorpay",
    "payment_status": "paid",
    "subtotal": "2183.00",
    "tax": "892.80",
    "shipping_fee": "0.00",
    "coupon": 12,
    "coupon_discount": "74.60",
    "total": "2108.40",
    "created_at": "2025-12-31T08:47:25.486Z",
    "updated_at": "2025-12-31T08:47:25.486Z",
    "order_number": "sz1089"
  }
},
{
  "model": "orders.order",
  "pk": 90,
  "fields": {
    "uuid": "55ba4d93-2972-414e-8ca9-8cf6a67928a8",
    "razorpay_order_id": null,
    "razorpay_payment_id": null,
    "user": [
      "bt@mailsac.com"
    ],
    "address": null,
    "full_name": null,
    "phone": null,
    "address_line1": null,
    "address_line2": null,
    "city": null,
    "state": null,
    "country": "India",
    "pincode": null,
    "payment_method": "wallet",
    "payment_status": "paid",
    "subtotal": "1350.00",
    "tax": "243.00",
    "shipping_fee": "0.00",
    "coupon": null,
    "coupon_discount": "0.00",
    "total": "1593.00",
    "created_at": "2025-12-31T08:52:20.134Z",
    "updated_at": "2025-12-31T08:52:20.134Z",
    "order_number": "sz1090"
  }
},
{
  "model": "orders.order",
  "pk": 93,
  "fields": {
    "uuid": "27e51f0b-1a48-42ed-a882-621a1068b66c",
    "razorpay_order_id": "order_S0AWLrEa3RbjSn",
    "razorpay_payment_id": "pay_S0AWTYzY409lda",
    "user": [
      "bt@mailsac.com"
    ],
    "address": null,
    "full_name": null,
    "phone": null,
    "address_line1": null,
    "address_line2": null,
    "city": null,
    "state": null,
    "country": "India",
    "pincode": null,
    "payment_method": "razorpay",
    "payment_status": "paid",
    "subtotal": "2728.00",
    "tax": "491.04",
    "shipping_fee": "0.00",
    "coupon": 12,
    "coupon_discount": "200.00",
    "total": "3019.04",
    "created_at": "2025-12-31T11:42:54.141Z",
    "updated_at": "2025-12-31T11:42:54.141Z",
    "order_number": "sz1093"
  }
},
{
  "model": "orders.order",
  "pk": 94,
  "fields": {
    "uuid": "54d5b52d-c961-4d87-bec8-f7e4714ecffb",
    "razorpay_order_id": "order_S0AN9KzcuIBa8d",
    "razorpay_payment_id": "pay_S0ANVD8svdlC7u",
    "user": [
      "bt@mailsac.com"
    ],
    "address": null,
    "full_name": null,
    "phone": null,
    "address_line1": null,
    "address_line2": null,
    "city": null,
    "state": null,
    "country": "India",
    "pincode": null,
    "payment_method": "razorpay",
    "payment_status": "paid",
    "subtotal": "1760.00",
    "tax": "316.80",
    "shipping_fee": "0.00",
    "coupon": null,
    "coupon_discount": "0.00",
    "total": "2076.80",
    "created_at": "2025-12-31T11:47:46.893Z",
    "updated_at": "2025-12-31T11:47:46.893Z",
    "order_number": "sz1094"
  }
},
{
  "model": "orders.order",
  "pk": 95,
  "fields": {
    "uuid": "eb5dfd6a-74f9-4843-bdbc-6b097dd8abed",
    "razorpay_order_id": "order_RyXmnwOugT0kQu",
    "razorpay_payment_id": null,
    "user": [
      "jarjun042000@gmail.com"
    ],
    "address": null,
    "full_name": null,
    "phone": null,
    "address_line1": null,
    "address_line2": null,
    "city": null,
    "state": null,
    "country": "India",
    "pincode": null,
    "payment_method": "razorpay",
    "payment_status": "pending",
    "subtotal": "1760.00",
    "tax": "316.80",
    "shipping_fee": "0.00",
    "coupon": null,
    "coupon_discount": "0.00",
    "total": "2076.80",
    "created_at": "2026-01-01T08:12:07.093Z",
    "updated_at": "2026-01-01T08:12:07.093Z",
    "order_number": "sz1095"
  }
},
{
  "model": "orders.order",
  "pk": 97,
  "fields": {
    "uuid": "f670b05d-3267-4fe3-8832-383e07bca4c6",
    "razorpay_order_id": null,
    "razorpay_payment_id": null,
    "user": [
      "test@gmail.com"
    ],
    "address": null,
    "full_name": null,
    "phone": null,
    "address_line1": null,
    "address_line2": null,
    "city": null,
    "state": null,
    "country": "India",
    "pincode": null,
    "payment_method": "COD",
    "payment_status": "paid",
    "subtotal": "5000.00",
    "tax": "0.00",
    "shipping_fee": "0.00",
    "coupon": null,
    "coupon_discount": "0.00",
    "total": "5000.00",
    "created_at": "2024-03-14T18:30:00Z",
    "updated_at": "2026-01-05T11:49:31.353Z",
    "order_number": "sz1097"
  }
},
{
  "model": "orders.order",
  "pk": 98,
  "fields": {
    "uuid": "68334891-c11f-4532-80c6-a48aebf2e1fa",
    "razorpay_order_id": null,
    "razorpay_payment_id": null,
    "user": [
      "test@gmail.com"
    ],
    "address": null,
    "full_name": null,
    "phone": null,
    "address_line1": null,
    "address_line2": null,
    "city": null,
    "state": null,
    "country": "India",
    "pincode": null,
    "payment_method": "COD",
    "payment_status": "paid",
    "subtotal": "3200.00",
    "tax": "0.00",
    "shipping_fee": "0.00",
    "coupon": null,
    "coupon_discount": "0.00",
    "total": "3200.00",
    "created_at": "2023-01-09T18:30:00Z",
    "updated_at": "2026-01-05T11:51:07.996Z",
    "order_number": "sz1098"
  }
},
{
  "model": "orders.order",
  "pk": 99,
  "fields": {
    "uuid": "d11f3413-280d-4406-b797-ebc7b934043c",
    "razorpay_order_id": null,
    "razorpay_payment_id": null,
    "user": [
      "test@gmail.com"
    ],
    "address": null,
    "full_name": null,
    "phone": null,
    "address_line1": null,
    "address_line2": null,
    "city": null,
    "state": null,
    "country": "India",
    "pincode": null,
    "payment_method": "COD",
    "payment_status": "paid",
    "subtotal": "5800.00",
    "tax": "0.00",
    "shipping_fee": "0.00",
    "coupon": null,
    "coupon_discount": "0.00",
    "total": "5800.00",
    "created_at": "2023-06-14T18:30:00Z",
    "updated_at": "2026-01-05T11:51:08.006Z",
    "order_number": "sz1099"
  }
},
{
  "model": "orders.order",
  "pk": 100,
  "fields": {
    "uuid": "8d63ce28-8a44-4820-abe1-ad30c7b6b806",
    "razorpay_order_id": null,
    "razorpay_payment_id": null,
    "user": [
      "test@gmail.com"
    ],
    "address": null,
    "full_name": null,
    "phone": null,
    "address_line1": null,
    "address_line2": null,
    "city": null,
    "state": null,
    "country": "India",
    "pincode": null,
    "payment_method": "COD",
    "payment_status": "paid",
    "subtotal": "9100.00",
    "tax": "0.00",
    "shipping_fee": "0.00",
    "coupon": null,
    "coupon_discount": "0.00",
    "total": "9100.00",
    "created_at": "2023-12-19T18:30:00Z",
    "updated_at": "2026-01-05T11:51:08.013Z",
    "order_number": "sz1100"
  }
},
{
  "model": "orders.order",
  "pk": 101,
  "fields": {
    "uuid": "ea13ac76-a3d4-4a05-a7a6-66445722bac1",
    "razorpay_order_id": null,
    "razorpay_payment_id": null,
    "user": [
      "test@gmail.com"
    ],
    "address": null,
    "full_name": null,
    "phone": null,
    "address_line1": null,
    "address_line2": null,
    "city": null,
    "state": null,
    "country": "India",
    "pincode": null,
    "payment_method": "COD",
    "payment_status": "paid",
    "subtotal": "4300.00",
    "tax": "0.00",
    "shipping_fee": "0.00",
    "coupon": null,
    "coupon_discount": "0.00",
    "total": "4300.00",
    "created_at": "2024-02-04T18:30:00Z",
    "updated_at": "2026-01-05T11:51:08.021Z",
    "order_number": "sz1101"
  }
},
{
  "model": "orders.order",
  "pk": 102,
  "fields": {
    "uuid": "90d0418d-bafa-4eb0-98bf-49900200ed21",
    "razorpay_order_id": null,
    "razorpay_payment_id": null,
    "user": [
      "test@gmail.com"
    ],
    "address": null,
    "full_name": null,
    "phone": null,
    "address_line1": null,
    "address_line2": null,
    "city": null,
    "state": null,
    "country": "India",
    "pincode": null,
    "payment_method": "COD",
    "payment_status": "paid",
    "subtotal": "7600.00",
    "tax": "0.00",
    "shipping_fee": "0.00",
    "coupon": null,
    "coupon_discount": "0.00",
    "total": "7600.00",
    "created_at": "2024-07-17T18:30:00Z",
    "updated_at": "2026-01-05T11:51:08.028Z",
    "order_number": "sz1102"
  }
},
{
  "model": "orders.order",
  "pk": 103,
  "fields": {
    "uuid": "ca6184c4-e828-4632-a8dd-5f5503bbaa26",
    "razorpay_order_id": null,
    "razorpay_payment_id": null,
    "user": [
      "test@gmail.com"
    ],
    "address": null,
    "full_name": null,
    "phone": null,
    "address_line1": null,
    "address_line2": null,
    "city": null,
    "state": null,
    "country": "India",
    "pincode": null,
    "payment_method": "COD",
    "payment_status": "paid",
    "subtotal": "8800.00",
    "tax": "0.00",
    "shipping_fee": "0.00",
    "coupon": null,
    "coupon_discount": "0.00",
    "total": "8800.00",
    "created_at": "2025-01-24T18:30:00Z",
    "updated_at": "2026-01-05T11:51:08.036Z",
    "order_number": "sz1103"
  }
},
{
  "model": "orders.order",
  "pk": 104,
  "fields": {
    "uuid": "352546af-0d73-4242-8eed-8c5f961e8325",
    "razorpay_order_id": "order_S0DUwm8tOFQJGd",
    "razorpay_payment_id": "pay_S0DV9gzSzGytTb",
    "user": [
      "bt@mailsac.com"
    ],
    "address": null,
    "full_name": null,
    "phone": null,
    "address_line1": null,
    "address_line2": null,
    "city": null,
    "state": null,
    "country": "India",
    "pincode": null,
    "payment_method": "razorpay",
    "payment_status": "paid",
    "subtotal": "0.00",
    "tax": "1665.00",
    "shipping_fee": "0.00",
    "coupon": 13,
    "coupon_discount": "0.00",
    "total": "0.00",
    "created_at": "2026-01-05T13:39:19.927Z",
    "updated_at": "2026-01-05T13:39:19.927Z",
    "order_number": "sz1104"
  }
},
{
  "model": "orders.order",
  "pk": 105,
  "fields": {
    "uuid": "8f3f9f74-c8d1-49e3-a75b-7a0675ee33ba",
    "razorpay_order_id": "order_S0DXLTEk7iE8jG",
    "razorpay_payment_id": "pay_S0DXX8jdoYZKwb",
    "user": [
      "bt@mailsac.com"
    ],
    "address": null,
    "full_name": null,
    "phone": null,
    "address_line1": null,
    "address_line2": null,
    "city": null,
    "state": null,
    "country": "India",
    "pincode": null,
    "payment_method": "razorpay",
    "payment_status": "paid",
    "subtotal": "0.00",
    "tax": "1800.00",
    "shipping_fee": "0.00",
    "coupon": null,
    "coupon_discount": "0.00",
    "total": "0.00",
    "created_at": "2026-01-05T13:41:37.085Z",
    "updated_at": "2026-01-05T13:41:37.085Z",
    "order_number": "sz1105"
  }
},
{
  "model": "orders.order",
  "pk": 106,
  "fields": {
    "uuid": "d9a6f621-e074-4640-8c37-90072da9b5bd",
    "razorpay_order_id": "order_S0Dt15dUzCfRui",
    "razorpay_payment_id": "pay_S0Dt767MJ4R40B",
    "user": [
      "bt@mailsac.com"
    ],
    "address": null,
    "full_name": null,
    "phone": null,
    "address_line1": null,
    "address_line2": null,
    "city": null,
    "state": null,
    "country": "India",
    "pincode": null,
    "payment_method": "razorpay",
    "payment_status": "paid",
    "subtotal": "0.00",
    "tax": "442.80",
    "shipping_fee": "0.00",
    "coupon": 13,
    "coupon_discount": "0.00",
    "total": "0.00",
    "created_at": "2026-01-05T14:02:07.979Z",
    "updated_at": "2026-01-05T14:02:07.979Z",
    "order_number": "sz1106"
  }
},
{
  "model": "orders.order",
  "pk": 107,
  "fields": {
    "uuid": "c1b620ac-2cc5-422b-91ae-d1dcea1517be",
    "razorpay_order_id": "order_S0DzVCRPInCk5J",
    "razorpay_payment_id": "pay_S0DzcrJSUOkpGY",
    "user": [
      "bt@mailsac.com"
    ],
    "address": null,
    "full_name": null,
    "phone": null,
    "address_line1": null,
    "address_line2": null,
    "city": null,
    "state": null,
    "country": "India",
    "pincode": null,
    "payment_method": "razorpay",
    "payment_status": "paid",
    "subtotal": "0.00",
    "tax": "729.00",
    "shipping_fee": "0.00",
    "coupon": 13,
    "coupon_discount": "0.00",
    "total": "0.00",
    "created_at": "2026-01-05T14:08:17.386Z",
    "updated_at": "2026-01-05T14:08:17.386Z",
    "order_number": "sz1107"
  }
},
{
  "model": "orders.order",
  "pk": 110,
  "fields": {
    "uuid": "bec19e38-ee73-4dcb-8019-b426f3977b06",
    "razorpay_order_id": "order_S0EEGS3eTOeTTo",
    "razorpay_payment_id": "pay_S0EEYN7psLUbT5",
    "user": [
      "bt@mailsac.com"
    ],
    "address": null,
    "full_name": null,
    "phone": null,
    "address_line1": null,
    "address_line2": null,
    "city": null,
    "state": null,
    "country": "India",
    "pincode": null,
    "payment_method": "razorpay",
    "payment_status": "paid",
    "subtotal": "0.00",
    "tax": "324.00",
    "shipping_fee": "0.00",
    "coupon": 13,
    "coupon_discount": "0.00",
    "total": "0.00",
    "created_at": "2026-01-05T14:22:15.823Z",
    "updated_at": "2026-01-05T14:22:15.823Z",
    "order_number": "sz1110"
  }
},
{
  "model": "orders.order",
  "pk": 111,
  "fields": {
    "uuid": "1ba540d6-b8a9-4579-9a0d-a7f80a9c74a2",
    "razorpay_order_id": "order_S0EFTS9yZdLNvx",
    "razorpay_payment_id": "pay_S0EFbMdSbiAfUN",
    "user": [
      "bt@mailsac.com"
    ],
    "address": null,
    "full_name": null,
    "phone": null,
    "address_line1": null,
    "address_line2": null,
    "city": null,
    "state": null,
    "country": "India",
    "pincode": null,
    "payment_method": "razorpay",
    "payment_status": "paid",
    "subtotal": "0.00",
    "tax": "1800.00",
    "shipping_fee": "0.00",
    "coupon": null,
    "coupon_discount": "0.00",
    "total": "0.00",
    "created_at": "2026-01-05T14:23:24.614Z",
    "updated_at": "2026-01-05T14:23:24.614Z",
    "order_number": "sz1111"
  }
},
{
  "model": "orders.order",
  "pk": 112,
  "fields": {
    "uuid": "cf6b6e81-4083-4ba3-9a79-76af3a7beacf",
    "razorpay_order_id": "order_S0EL4zFUD7axjS",
    "razorpay_payment_id": "pay_S0ELBjfc3vgbQh",
    "user": [
      "bt@mailsac.com"
    ],
    "address": null,
    "full_name": null,
    "phone": null,
    "address_line1": null,
    "address_line2": null,
    "city": null,
    "state": null,
    "country": "India",
    "pincode": null,
    "payment_method": "razorpay",
    "payment_status": "paid",
    "subtotal": "0.00",
    "tax": "486.00",
    "shipping_fee": "0.00",
    "coupon": 13,
    "coupon_discount": "0.00",
    "total": "0.00",
    "created_at": "2026-01-05T14:28:42.985Z",
    "updated_at": "2026-01-05T14:28:42.985Z",
    "order_number": "sz1112"
  }
},
{
  "model": "orders.order",
  "pk": 113,
  "fields": {
    "uuid": "c2a8f848-0e4e-4535-a310-c49d63b37df1",
    "razorpay_order_id": "order_S0ENZ0BGCz32y3",
    "razorpay_payment_id": "pay_S0ENgaz4zhHTCS",
    "user": [
      "bt@mailsac.com"
    ],
    "address": null,
    "full_name": null,
    "phone": null,
    "address_line1": null,
    "address_line2": null,
    "city": null,
    "state": null,
    "country": "India",
    "pincode": null,
    "payment_method": "razorpay",
    "payment_status": "paid",
    "subtotal": "0.00",
    "tax": "802.80",
    "shipping_fee": "0.00",
    "coupon": 13,
    "coupon_discount": "0.00",
    "total": "0.00",
    "created_at": "2026-01-05T14:31:04.056Z",
    "updated_at": "2026-01-05T14:31:04.056Z",
    "order_number": "sz1113"
  }
},
{
  "model": "orders.order",
  "pk": 114,
  "fields": {
    "uuid": "4e9c208a-50c1-409a-9cfc-c34525701e2e",
    "razorpay_order_id": "order_S0SIBt3aouY9zk",
    "razorpay_payment_id": "pay_S0SIQFu6LHLulu",
    "user": [
      "bt@mailsac.com"
    ],
    "address": null,
    "full_name": null,
    "phone": null,
    "address_line1": null,
    "address_line2": null,
    "city": null,
    "state": null,
    "country": "India",
    "pincode": null,
    "payment_method": "razorpay",
    "payment_status": "paid",
    "subtotal": "0.00",
    "tax": "360.00",
    "shipping_fee": "0.00",
    "coupon": 13,
    "coupon_discount": "0.00",
    "total": "0.00",
    "created_at": "2026-01-06T04:07:40.738Z",
    "updated_at": "2026-01-06T04:07:40.738Z",
    "order_number": "sz1114"
  }
},
{
  "model": "orders.order",
  "pk": 115,
  "fields": {
    "uuid": "03e280d2-186d-4ebb-a33f-2b609a494f2c",
    "razorpay_order_id": null,
    "razorpay_payment_id": null,
    "user": [
      "bt@mailsac.com"
    ],
    "address": null,
    "full_name": null,
    "phone": null,
    "address_line1": null,
    "address_line2": null,
    "city": null,
    "state": null,
    "country": "India",
    "pincode": null,
    "payment_method": "wallet",
    "payment_status": "paid",
    "subtotal": "0.00",
    "tax": "1188.00",
    "shipping_fee": "0.00",
    "coupon": 13,
    "coupon_discount": "0.00",
    "total": "0.00",
    "created_at": "2026-01-06T04:08:56.161Z",
    "updated_at": "2026-01-06T04:08:56.161Z",
    "order_number": "sz1115"
  }
},
{
  "model": "orders.order",
  "pk": 116,
  "fields": {
    "uuid": "7e63d6a9-b8bd-455a-a72b-19af1d5025eb",
    "razorpay_order_id": null,
    "razorpay_payment_id": null,
    "user": [
      "bt@mailsac.com"
    ],
    "address": null,
    "full_name": null,
    "phone": null,
    "address_line1": null,
    "address_line2": null,
    "city": null,
    "state": null,
    "country": "India",
    "pincode": null,
    "payment_method": "wallet",
    "payment_status": "paid",
    "subtotal": "3420.82",
    "tax": "1205.82",
    "shipping_fee": "0.00",
    "coupon": 13,
    "coupon_discount": "86.55",
    "total": "3334.27",
    "created_at": "2026-01-06T04:26:29.319Z",
    "updated_at": "2026-01-06T04:26:29.319Z",
    "order_number": "sz1116"
  }
},
{
  "model": "orders.order",
  "pk": 117,
  "fields": {
    "uuid": "e7de9976-c522-415f-8a04-59b53e2f870a",
    "razorpay_order_id": null,
    "razorpay_payment_id": null,
    "user": [
      "bt@mailsac.com"
    ],
    "address": null,
    "full_name": null,
    "phone": null,
    "address_line1": null,
    "address_line2": null,
    "city": null,
    "state": null,
    "country": "India",
    "pincode": null,
    "payment_method": "wallet",
    "payment_status": "paid",
    "subtotal": "0.00",
    "tax": "828.00",
    "shipping_fee": "0.00",
    "coupon": 13,
    "coupon_discount": "0.00",
    "total": "0.00",
    "created_at": "2026-01-06T04:48:26.881Z",
    "updated_at": "2026-01-06T04:48:26.881Z",
    "order_number": "sz1117"
  }
},
{
  "model": "orders.order",
  "pk": 118,
  "fields": {
    "uuid": "27943292-5de5-49f4-bed4-5da5242a29c5",
    "razorpay_order_id": "order_S0T0F7fllrs1jc",
    "razorpay_payment_id": "pay_S0T0NFKxmCePwE",
    "user": [
      "bt@mailsac.com"
    ],
    "address": null,
    "full_name": null,
    "phone": null,
    "address_line1": null,
    "address_line2": null,
    "city": null,
    "state": null,
    "country": "India",
    "pincode": null,
    "payment_method": "razorpay",
    "payment_status": "paid",
    "subtotal": "2360.00",
    "tax": "828.00",
    "shipping_fee": "0.00",
    "coupon": null,
    "coupon_discount": "0.00",
    "total": "2360.00",
    "created_at": "2026-01-06T04:49:23.029Z",
    "updated_at": "2026-01-06T04:49:23.029Z",
    "order_number": "sz1118"
  }
},
{
  "model": "orders.order",
  "pk": 119,
  "fields": {
    "uuid": "7f04cda8-e92f-4aba-959f-d5005c0f00f5",
    "razorpay_order_id": null,
    "razorpay_payment_id": null,
    "user": [
      "bt@mailsac.com"
    ],
    "address": null,
    "full_name": null,
    "phone": null,
    "address_line1": null,
    "address_line2": null,
    "city": null,
    "state": null,
    "country": "India",
    "pincode": null,
    "payment_method": "wallet",
    "payment_status": "paid",
    "subtotal": "5350.00",
    "tax": "963.00",
    "shipping_fee": "0.00",
    "coupon": null,
    "coupon_discount": "0.00",
    "total": "6313.00",
    "created_at": "2026-01-06T12:12:49.563Z",
    "updated_at": "2026-01-06T12:12:49.563Z",
    "order_number": "sz1119"
  }
},
{
  "model": "orders.order",
  "pk": 122,
  "fields": {
    "uuid": "1b9607d8-8a0a-4ef1-a685-07b3ce84cd5b",
    "razorpay_order_id": null,
    "razorpay_payment_id": null,
    "user": [
      "jarjun042000@gmail.com"
    ],
    "address": null,
    "full_name": null,
    "phone": null,
    "address_line1": null,
    "address_line2": null,
    "city": null,
    "state": null,
    "country": "India",
    "pincode": null,
    "payment_method": "cod",
    "payment_status": "paid",
    "subtotal": "10000.00",
    "tax": "1800.00",
    "shipping_fee": "0.00",
    "coupon": null,
    "coupon_discount": "0.00",
    "total": "11800.00",
    "created_at": "2026-01-07T09:38:19.098Z",
    "updated_at": "2026-01-07T09:38:19.098Z",
    "order_number": "sz1122"
  }
},
{
  "model": "orders.order",
  "pk": 123,
  "fields": {
    "uuid": "d8ca9547-f862-4352-9ee4-03807cc55e61",
    "razorpay_order_id": null,
    "razorpay_payment_id": null,
    "user": [
      "bt@mailsac.com"
    ],
    "address": null,
    "full_name": null,
    "phone": null,
    "address_line1": null,
    "address_line2": null,
    "city": null,
    "state": null,
    "country": "India",
    "pincode": null,
    "payment_method": "wallet",
    "payment_status": "paid",
    "subtotal": "3702.00",
    "tax": "666.36",
    "shipping_fee": "0.00",
    "coupon": null,
    "coupon_discount": "0.00",
    "total": "4368.36",
    "created_at": "2026-01-07T09:40:17.503Z",
    "updated_at": "2026-01-07T09:40:17.503Z",
    "order_number": "sz1123"
  }
},
{
  "model": "orders.order",
  "pk": 124,
  "fields": {
    "uuid": "fda1742f-d410-4263-a3d4-277332e81dff",
    "razorpay_order_id": "order_S13eRiV3nchBXF",
    "razorpay_payment_id": "pay_S13erFa6105gdX",
    "user": [
      "jarjun042000@gmail.com"
    ],
    "address": null,
    "full_name": null,
    "phone": null,
    "address_line1": null,
    "address_line2": null,
    "city": null,
    "state": null,
    "country": "India",
    "pincode": null,
    "payment_method": "razorpay",
    "payment_status": "paid",
    "subtotal": "2468.00",
    "tax": "444.24",
    "shipping_fee": "0.00",
    "coupon": 14,
    "coupon_discount": "296.16",
    "total": "2616.08",
    "created_at": "2026-01-07T16:40:24.040Z",
    "updated_at": "2026-01-07T16:40:24.040Z",
    "order_number": "sz1124"
  }
},
{
  "model": "orders.order",
  "pk": 125,
  "fields": {
    "uuid": "6369c053-69de-4bb8-9036-c22f890ad5e7",
    "razorpay_order_id": null,
    "razorpay_payment_id": null,
    "user": [
      "bt@mailsac.com"
    ],
    "address": null,
    "full_name": null,
    "phone": null,
    "address_line1": null,
    "address_line2": null,
    "city": null,
    "state": null,
    "country": "India",
    "pincode": null,
    "payment_method": "wallet",
    "payment_status": "paid",
    "subtotal": "2340.00",
    "tax": "421.20",
    "shipping_fee": "0.00",
    "coupon": 14,
    "coupon_discount": "280.80",
    "total": "2480.40",
    "created_at": "2026-01-07T23:07:35.566Z",
    "updated_at": "2026-01-07T23:07:35.566Z",
    "order_number": "sz1125"
  }
},
{
  "model": "orders.order",
  "pk": 126,
  "fields": {
    "uuid": "fc681331-0352-4289-a313-88fd34659f7b",
    "razorpay_order_id": null,
    "razorpay_payment_id": null,
    "user": [
      "bt@mailsac.com"
    ],
    "address": null,
    "full_name": null,
    "phone": null,
    "address_line1": null,
    "address_line2": null,
    "city": null,
    "state": null,
    "country": "India",
    "pincode": null,
    "payment_method": "wallet",
    "payment_status": "paid",
    "subtotal": "0.00",
    "tax": "702.00",
    "shipping_fee": "0.00",
    "coupon": 14,
    "coupon_discount": "0.00",
    "total": "0.00",
    "created_at": "2026-01-07T23:09:48.458Z",
    "updated_at": "2026-01-07T23:09:48.458Z",
    "order_number": "sz1126"
  }
},
{
  "model": "orders.order",
  "pk": 127,
  "fields": {
    "uuid": "8c959af1-44ff-4665-b066-c210c3abdeb4",
    "razorpay_order_id": "order_S1F0vykjICHAF7",
    "razorpay_payment_id": "pay_S1F1AyKFzRiyyP",
    "user": [
      "vb@mailsac.com"
    ],
    "address": null,
    "full_name": null,
    "phone": null,
    "address_line1": null,
    "address_line2": null,
    "city": null,
    "state": null,
    "country": "India",
    "pincode": null,
    "payment_method": "razorpay",
    "payment_status": "paid",
    "subtotal": "3068.00",
    "tax": "1071.00",
    "shipping_fee": "0.00",
    "coupon": 15,
    "coupon_discount": "131.09",
    "total": "2936.91",
    "created_at": "2026-01-08T03:47:19.086Z",
    "updated_at": "2026-01-08T03:47:19.086Z",
    "order_number": "sz1127"
  }
},
{
  "model": "orders.order",
  "pk": 128,
  "fields": {
    "uuid": "c544bdc9-1b64-4afc-9357-e9aff47a725d",
    "razorpay_order_id": null,
    "razorpay_payment_id": null,
    "user": [
      "vb@mailsac.com"
    ],
    "address": null,
    "full_name": null,
    "phone": null,
    "address_line1": null,
    "address_line2": null,
    "city": null,
    "state": null,
    "country": "India",
    "pincode": null,
    "payment_method": "wallet",
    "payment_status": "paid",
    "subtotal": "2000.00",
    "tax": "360.00",
    "shipping_fee": "0.00",
    "coupon": null,
    "coupon_discount": "0.00",
    "total": "2360.00",
    "created_at": "2026-01-08T03:53:31.736Z",
    "updated_at": "2026-01-08T03:53:31.736Z",
    "order_number": "sz1128"
  }
},
{
  "model": "orders.order",
  "pk": 129,
  "fields": {
    "uuid": "b598e29f-356d-4ff7-bfe6-3aa5865e8291",
    "razorpay_order_id": "order_S1FRMDqTg5Jgoh",
    "razorpay_payment_id": "pay_S1FRXLi6iWbf1X",
    "user": [
      "jarjun042000@gmail.com"
    ],
    "address": null,
    "full_name": null,
    "phone": null,
    "address_line1": null,
    "address_line2": null,
    "city": null,
    "state": null,
    "country": "India",
    "pincode": null,
    "payment_method": "razorpay",
    "payment_status": "paid",
    "subtotal": "4000.00",
    "tax": "720.00",
    "shipping_fee": "0.00",
    "coupon": null,
    "coupon_discount": "0.00",
    "total": "4720.00",
    "created_at": "2026-01-08T04:12:20.993Z",
    "updated_at": "2026-01-08T04:12:20.993Z",
    "order_number": "sz1129"
  }
},
{
  "model": "orders.order",
  "pk": 130,
  "fields": {
    "uuid": "0e6d1687-2963-477a-abb5-4317b1923780",
    "razorpay_order_id": null,
    "razorpay_payment_id": null,
    "user": [
      "bt@mailsac.com"
    ],
    "address": null,
    "full_name": null,
    "phone": null,
    "address_line1": null,
    "address_line2": null,
    "city": null,
    "state": null,
    "country": "India",
    "pincode": null,
    "payment_method": "wallet",
    "payment_status": "paid",
    "subtotal": "6700.00",
    "tax": "846.00",
    "shipping_fee": "0.00",
    "coupon": null,
    "coupon_discount": "0.00",
    "total": "7546.00",
    "created_at": "2026-01-10T13:17:39.846Z",
    "updated_at": "2026-01-10T13:17:39.846Z",
    "order_number": "sz1130"
  }
},
{
  "model": "orders.order",
  "pk": 131,
  "fields": {
    "uuid": "f2b24422-8a27-4a03-a573-992502ff9528",
    "razorpay_order_id": null,
    "razorpay_payment_id": null,
    "user": [
      "bt@mailsac.com"
    ],
    "address": null,
    "full_name": null,
    "phone": null,
    "address_line1": null,
    "address_line2": null,
    "city": null,
    "state": null,
    "country": "India",
    "pincode": null,
    "payment_method": "wallet",
    "payment_status": "paid",
    "subtotal": "24000.00",
    "tax": "4320.00",
    "shipping_fee": "0.00",
    "coupon": null,
    "coupon_discount": "0.00",
    "total": "28320.00",
    "created_at": "2026-01-12T04:17:35.666Z",
    "updated_at": "2026-01-12T04:17:35.666Z",
    "order_number": "sz1131"
  }
},
{
  "model": "orders.order",
  "pk": 132,
  "fields": {
    "uuid": "979be708-79e0-4da2-96bc-4ceda8742b48",
    "razorpay_order_id": "order_S2qk71fSmy6C8x",
    "razorpay_payment_id": "pay_S2qkK2oTYgm9Rz",
    "user": [
      "jarjun042000@gmail.com"
    ],
    "address": null,
    "full_name": null,
    "phone": null,
    "address_line1": null,
    "address_line2": null,
    "city": null,
    "state": null,
    "country": "India",
    "pincode": null,
    "payment_method": "razorpay",
    "payment_status": "paid",
    "subtotal": "2360.00",
    "tax": "2649.60",
    "shipping_fee": "0.00",
    "coupon": null,
    "coupon_discount": "0.00",
    "total": "2360.00",
    "created_at": "2026-01-12T05:20:45.352Z",
    "updated_at": "2026-01-12T05:20:45.352Z",
    "order_number": "sz1132"
  }
},
{
  "model": "orders.order",
  "pk": 133,
  "fields": {
    "uuid": "0502a260-ec45-4823-aa08-63a3cd25e046",
    "razorpay_order_id": "order_S2vRiVT6BAlAJM",
    "razorpay_payment_id": null,
    "user": [
      "jarjun042000@gmail.com"
    ],
    "address": null,
    "full_name": null,
    "phone": null,
    "address_line1": null,
    "address_line2": null,
    "city": null,
    "state": null,
    "country": "India",
    "pincode": null,
    "payment_method": "razorpay",
    "payment_status": "pending",
    "subtotal": "4000.00",
    "tax": "360.00",
    "shipping_fee": "0.00",
    "coupon": null,
    "coupon_discount": "0.00",
    "total": "4360.00",
    "created_at": "2026-01-12T09:56:22.588Z",
    "updated_at": "2026-01-12T09:56:22.588Z",
    "order_number": "sz1133"
  }
},
{
  "model": "orders.order",
  "pk": 134,
  "fields": {
    "uuid": "d7069708-fc45-494a-b576-43a40c2456e4",
    "razorpay_order_id": "order_S2wsk2VqvemKV5",
    "razorpay_payment_id": "pay_S2wsvUDG5jA13R",
    "user": [
      "jarjun042000@gmail.com"
    ],
    "address": null,
    "full_name": "Arjun",
    "phone": "918848808103",
    "address_line1": "edathara po, kadakkal, kollam",
    "address_line2": "",
    "city": "Kollam",
    "state": "Kerala",
    "country": "India",
    "pincode": "691536",
    "payment_method": "razorpay",
    "payment_status": "paid",
    "subtotal": "12000.00",
    "tax": "2160.00",
    "shipping_fee": "0.00",
    "coupon": null,
    "coupon_discount": "0.00",
    "total": "14160.00",
    "created_at": "2026-01-12T11:21:05.396Z",
    "updated_at": "2026-01-12T11:21:05.396Z",
    "order_number": "sz1134"
  }
},
{
  "model": "orders.order",
  "pk": 135,
  "fields": {
    "uuid": "b1b578a0-e73a-476c-b45f-a1ad1db1bf3e",
    "razorpay_order_id": null,
    "razorpay_payment_id": null,
    "user": [
      "jarjun042000@gmail.com"
    ],
    "address": null,
    "full_name": "Arjun",
    "phone": "+9 (188) 488-08103",
    "address_line1": "edathara po, kadakkal, kollam",
    "address_line2": "",
    "city": "Kollam",
    "state": "Kerala",
    "country": "India",
    "pincode": "691536",
    "payment_method": "wallet",
    "payment_status": "paid",
    "subtotal": "12000.00",
    "tax": "2160.00",
    "shipping_fee": "0.00",
    "coupon": null,
    "coupon_discount": "0.00",
    "total": "14160.00",
    "created_at": "2026-01-12T11:31:12.324Z",
    "updated_at": "2026-01-12T11:31:12.324Z",
    "order_number": "sz1135"
  }
},
{
  "model": "orders.order",
  "pk": 136,
  "fields": {
    "uuid": "6976f446-fd14-4b36-aa96-5afe3116aacd",
    "razorpay_order_id": "order_S2x9Bh0vvjcm6r",
    "razorpay_payment_id": "pay_S2x9JuHm2ij9kn",
    "user": [
      "jarjun042000@gmail.com"
    ],
    "address": null,
    "full_name": "Arjun",
    "phone": "+9 (188) 488-08103",
    "address_line1": "edathara po, kadakkal, kollam",
    "address_line2": "",
    "city": "Kollam",
    "state": "Kerala",
    "country": "India",
    "pincode": "691536",
    "payment_method": "razorpay",
    "payment_status": "paid",
    "subtotal": "12000.00",
    "tax": "2160.00",
    "shipping_fee": "0.00",
    "coupon": null,
    "coupon_discount": "0.00",
    "total": "14160.00",
    "created_at": "2026-01-12T11:36:40.124Z",
    "updated_at": "2026-01-12T11:36:40.124Z",
    "order_number": "sz1136"
  }
},
{
  "model": "orders.order",
  "pk": 137,
  "fields": {
    "uuid": "81737a0b-97a0-4250-9429-71ec6510e229",
    "razorpay_order_id": "order_S2xPpX07cNsmWM",
    "razorpay_payment_id": "pay_S2xPxQQ5Fy1vHx",
    "user": [
      "jarjun042000@gmail.com"
    ],
    "address": 25,
    "full_name": "Arjun",
    "phone": "+9 (188) 488-08103",
    "address_line1": "edathara po, kadakkal, kollam",
    "address_line2": "",
    "city": "Kollam",
    "state": "Kerala",
    "country": "India",
    "pincode": "691536",
    "payment_method": "razorpay",
    "payment_status": "paid",
    "subtotal": "1593.00",
    "tax": "372.60",
    "shipping_fee": "0.00",
    "coupon": null,
    "coupon_discount": "0.00",
    "total": "1593.00",
    "created_at": "2026-01-12T11:52:25.478Z",
    "updated_at": "2026-01-12T11:52:25.478Z",
    "order_number": "sz1137"
  }
},
{
  "model": "orders.order",
  "pk": 138,
  "fields": {
    "uuid": "8a254659-2154-48df-9962-109c4b8900fb",
    "razorpay_order_id": "order_S3MAs1ImjoVlbb",
    "razorpay_payment_id": "pay_S3MB0JmZ5NgRDO",
    "user": [
      "jarjun042000@gmail.com"
    ],
    "address": 25,
    "full_name": null,
    "phone": null,
    "address_line1": null,
    "address_line2": null,
    "city": null,
    "state": null,
    "country": null,
    "pincode": null,
    "payment_method": "razorpay",
    "payment_status": "paid",
    "subtotal": "0.00",
    "tax": "4320.00",
    "shipping_fee": "0.00",
    "coupon": null,
    "coupon_discount": "0.00",
    "total": "0.00",
    "created_at": "2026-01-13T12:05:36.108Z",
    "updated_at": "2026-01-13T12:05:36.108Z",
    "order_number": "sz1138"
  }
},
{
  "model": "orders.order",
  "pk": 139,
  "fields": {
    "uuid": "f22345aa-f91a-49f4-b908-e4362aa42a4c",
    "razorpay_order_id": null,
    "razorpay_payment_id": null,
    "user": [
      "jarjun042000@gmail.com"
    ],
    "address": 25,
    "full_name": "Arjun",
    "phone": "+9 (188) 488-08103",
    "address_line1": "edathara po, kadakkal, kollam",
    "address_line2": "",
    "city": "Kollam",
    "state": "Kerala",
    "country": "India",
    "pincode": "691536",
    "payment_method": "wallet",
    "payment_status": "paid",
    "subtotal": "1350.00",
    "tax": "261.00",
    "shipping_fee": "0.00",
    "coupon": null,
    "coupon_discount": "0.00",
    "total": "1350.00",
    "created_at": "2026-01-13T13:36:45.960Z",
    "updated_at": "2026-01-13T13:36:45.960Z",
    "order_number": "sz1139"
  }
},
{
  "model": "orders.order",
  "pk": 140,
  "fields": {
    "uuid": "cacac474-c0e2-49ee-b1b1-5e00373e9ead",
    "razorpay_order_id": "order_S3f32E8jhGsu3u",
    "razorpay_payment_id": "pay_S3f3Gjqy8WtbAE",
    "user": [
      "jarjun042000@gmail.com"
    ],
    "address": 25,
    "full_name": "Arjun",
    "phone": "+9 (188) 488-08103",
    "address_line1": "edathara po, kadakkal, kollam",
    "address_line2": "",
    "city": "Kollam",
    "state": "Kerala",
    "country": "India",
    "pincode": "691536",
    "payment_method": "razorpay",
    "payment_status": "paid",
    "subtotal": "0.00",
    "tax": "2880.00",
    "shipping_fee": "0.00",
    "coupon": null,
    "coupon_discount": "0.00",
    "total": "0.00",
    "created_at": "2026-01-14T06:33:21.138Z",
    "updated_at": "2026-01-14T06:33:21.138Z",
    "order_number": "sz1140"
  }
},
{
  "model": "orders.order",
  "pk": 141,
  "fields": {
    "uuid": "c9912a68-bdcf-464e-a8bb-af19ecb14f2f",
    "razorpay_order_id": "order_S3f9gkbFASSTsC",
    "razorpay_payment_id": "pay_S3f9nL6d03PVTN",
    "user": [
      "jarjun042000@gmail.com"
    ],
    "address": 25,
    "full_name": "Arjun",
    "phone": "+9 (188) 488-08103",
    "address_line1": "edathara po, kadakkal, kollam",
    "address_line2": "",
    "city": "Kollam",
    "state": "Kerala",
    "country": "India",
    "pincode": "691536",
    "payment_method": "razorpay",
    "payment_status": "paid",
    "subtotal": "127440.00",
    "tax": "7263.00",
    "shipping_fee": "0.00",
    "coupon": null,
    "coupon_discount": "0.00",
    "total": "127440.00",
    "created_at": "2026-01-14T06:39:39.785Z",
    "updated_at": "2026-01-14T06:39:39.785Z",
    "order_number": "sz1141"
  }
},
{
  "model": "orders.order",
  "pk": 142,
  "fields": {
    "uuid": "4832fc5a-6899-4545-bea5-6db84222f6d9",
    "razorpay_order_id": "order_S3fCMN2C4eaf9F",
    "razorpay_payment_id": "pay_S3fCTXRdIyvjSM",
    "user": [
      "jarjun042000@gmail.com"
    ],
    "address": 25,
    "full_name": "Arjun",
    "phone": "+9 (188) 488-08103",
    "address_line1": "edathara po, kadakkal, kollam",
    "address_line2": "",
    "city": "Kollam",
    "state": "Kerala",
    "country": "India",
    "pincode": "691536",
    "payment_method": "razorpay",
    "payment_status": "paid",
    "subtotal": "2360.00",
    "tax": "828.00",
    "shipping_fee": "0.00",
    "coupon": null,
    "coupon_discount": "0.00",
    "total": "2360.00",
    "created_at": "2026-01-14T06:42:11.577Z",
    "updated_at": "2026-01-14T06:42:11.577Z",
    "order_number": "sz1142"
  }
},
{
  "model": "orders.order",
  "pk": 143,
  "fields": {
    "uuid": "2c9f45bd-8b9b-4071-8dce-2859bb77339f",
    "razorpay_order_id": "order_S3fLVG6ky4mOQH",
    "razorpay_payment_id": "pay_S3fLbvwmhXew34",
    "user": [
      "jarjun042000@gmail.com"
    ],
    "address": 25,
    "full_name": "Arjun",
    "phone": "+9 (188) 488-08103",
    "address_line1": "edathara po, kadakkal, kollam",
    "address_line2": "",
    "city": "Kollam",
    "state": "Kerala",
    "country": "India",
    "pincode": "691536",
    "payment_method": "razorpay",
    "payment_status": "paid",
    "subtotal": "2360.00",
    "tax": "828.00",
    "shipping_fee": "0.00",
    "coupon": null,
    "coupon_discount": "0.00",
    "total": "2360.00",
    "created_at": "2026-01-14T06:50:50.926Z",
    "updated_at": "2026-01-14T06:50:50.926Z",
    "order_number": "sz1143"
  }
},
{
  "model": "orders.order",
  "pk": 144,
  "fields": {
    "uuid": "ec287a54-3682-4ebd-b77a-4f77fef99cd8",
    "razorpay_order_id": "order_S3fNbAWe5DWaEP",
    "razorpay_payment_id": "pay_S3fNhtN7KhXRbQ",
    "user": [
      "jarjun042000@gmail.com"
    ],
    "address": 25,
    "full_name": "Arjun",
    "phone": "+9 (188) 488-08103",
    "address_line1": "edathara po, kadakkal, kollam",
    "address_line2": "",
    "city": "Kollam",
    "state": "Kerala",
    "country": "India",
    "pincode": "691536",
    "payment_method": "razorpay",
    "payment_status": "paid",
    "subtotal": "42480.00",
    "tax": "3132.00",
    "shipping_fee": "0.00",
    "coupon": null,
    "coupon_discount": "0.00",
    "total": "42480.00",
    "created_at": "2026-01-14T06:52:49.954Z",
    "updated_at": "2026-01-14T06:52:49.954Z",
    "order_number": "sz1144"
  }
},
{
  "model": "orders.order",
  "pk": 145,
  "fields": {
    "uuid": "490458cd-64ac-4512-9047-985b72908053",
    "razorpay_order_id": null,
    "razorpay_payment_id": null,
    "user": [
      "jarjun042000@gmail.com"
    ],
    "address": 25,
    "full_name": "Arjun",
    "phone": "+9 (188) 488-08103",
    "address_line1": "edathara po, kadakkal, kollam",
    "address_line2": "",
    "city": "Kollam",
    "state": "Kerala",
    "country": "India",
    "pincode": "691536",
    "payment_method": "wallet",
    "payment_status": "paid",
    "subtotal": "49088.00",
    "tax": "3672.00",
    "shipping_fee": "0.00",
    "coupon": 18,
    "coupon_discount": "127.45",
    "total": "48960.55",
    "created_at": "2026-01-14T07:02:45.679Z",
    "updated_at": "2026-01-14T07:02:45.679Z",
    "order_number": "sz1145"
  }
},
{
  "model": "orders.order",
  "pk": 146,
  "fields": {
    "uuid": "8537dad9-ad4d-48ba-a208-9b464a800c97",
    "razorpay_order_id": null,
    "razorpay_payment_id": null,
    "user": [
      "jarjun042000@gmail.com"
    ],
    "address": 25,
    "full_name": "Arjun",
    "phone": "+9 (188) 488-08103",
    "address_line1": "edathara po, kadakkal, kollam",
    "address_line2": "",
    "city": "Kollam",
    "state": "Kerala",
    "country": "India",
    "pincode": "691536",
    "payment_method": "wallet",
    "payment_status": "paid",
    "subtotal": "37760.00",
    "tax": "2844.00",
    "shipping_fee": "0.00",
    "coupon": 18,
    "coupon_discount": "126.58",
    "total": "37633.42",
    "created_at": "2026-01-14T07:09:48.931Z",
    "updated_at": "2026-01-14T07:09:48.931Z",
    "order_number": "sz1146"
  }
},
{
  "model": "orders.order",
  "pk": 147,
  "fields": {
    "uuid": "f774f5ec-339a-4098-9608-78016aeb9ee9",
    "razorpay_order_id": "order_S3flzBoSh2kkzB",
    "razorpay_payment_id": "pay_S3fm6cXBddG0uj",
    "user": [
      "jarjun042000@gmail.com"
    ],
    "address": 25,
    "full_name": "Arjun",
    "phone": "+9 (188) 488-08103",
    "address_line1": "edathara po, kadakkal, kollam",
    "address_line2": "",
    "city": "Kollam",
    "state": "Kerala",
    "country": "India",
    "pincode": "691536",
    "payment_method": "razorpay",
    "payment_status": "paid",
    "subtotal": "12272.00",
    "tax": "3672.00",
    "shipping_fee": "0.00",
    "coupon": 16,
    "coupon_discount": "152.94",
    "total": "12119.06",
    "created_at": "2026-01-14T07:15:55.080Z",
    "updated_at": "2026-01-14T07:15:55.080Z",
    "order_number": "sz1147"
  }
},
{
  "model": "orders.order",
  "pk": 148,
  "fields": {
    "uuid": "6f61cc16-091d-4c40-808d-40728979f940",
    "razorpay_order_id": null,
    "razorpay_payment_id": null,
    "user": [
      "jarjun042000@gmail.com"
    ],
    "address": 25,
    "full_name": "Arjun",
    "phone": "+9 (188) 488-08103",
    "address_line1": "edathara po, kadakkal, kollam",
    "address_line2": "",
    "city": "Kollam",
    "state": "Kerala",
    "country": "India",
    "pincode": "691536",
    "payment_method": "wallet",
    "payment_status": "paid",
    "subtotal": "12272.00",
    "tax": "2952.00",
    "shipping_fee": "0.00",
    "coupon": 16,
    "coupon_discount": "190.24",
    "total": "12081.76",
    "created_at": "2026-01-14T07:17:48.678Z",
    "updated_at": "2026-01-14T07:17:48.678Z",
    "order_number": "sz1148"
  }
},
{
  "model": "orders.order",
  "pk": 149,
  "fields": {
    "uuid": "69730282-9cc0-4b90-9edb-7fb146b4df95",
    "razorpay_order_id": "order_S3hhwTw3FT9bcO",
    "razorpay_payment_id": "pay_S3hiIJfY6R0Kkw",
    "user": [
      "ds@mailsac.com"
    ],
    "address": 26,
    "full_name": "Arjun",
    "phone": "+9 (188) 488-08103",
    "address_line1": "edathara po, kadakkal, kollam",
    "address_line2": "534534534e534534",
    "city": "Kollam",
    "state": "Kerala",
    "country": "India",
    "pincode": "691536",
    "payment_method": "razorpay",
    "payment_status": "paid",
    "subtotal": "1230.00",
    "tax": "221.40",
    "shipping_fee": "0.00",
    "coupon": null,
    "coupon_discount": "0.00",
    "total": "1451.40",
    "created_at": "2026-01-14T09:09:05.342Z",
    "updated_at": "2026-01-14T09:09:05.342Z",
    "order_number": "sz1149"
  }
},
{
  "model": "orders.order",
  "pk": 150,
  "fields": {
    "uuid": "22372199-0831-4651-b663-961f2c58f88f",
    "razorpay_order_id": null,
    "razorpay_payment_id": null,
    "user": [
      "ds@mailsac.com"
    ],
    "address": 26,
    "full_name": "Arjun",
    "phone": "+9 (188) 488-08103",
    "address_line1": "edathara po, kadakkal, kollam",
    "address_line2": "534534534e534534",
    "city": "Kollam",
    "state": "Kerala",
    "country": "India",
    "pincode": "691536",
    "payment_method": "cod",
    "payment_status": "paid",
    "subtotal": "0.00",
    "tax": "129.60",
    "shipping_fee": "50.00",
    "coupon": null,
    "coupon_discount": "0.00",
    "total": "50.00",
    "created_at": "2026-01-14T09:29:02.403Z",
    "updated_at": "2026-01-14T09:29:02.403Z",
    "order_number": "sz1150"
  }
},
{
  "model": "orders.order",
  "pk": 151,
  "fields": {
    "uuid": "c3719ca4-ee11-478b-b41a-de8d355f8cd1",
    "razorpay_order_id": "order_S42RYP0ZBpb4Mq",
    "razorpay_payment_id": "pay_S42Rf2DFzRSRtC",
    "user": [
      "bts@mailsac.com"
    ],
    "address": 28,
    "full_name": "Arjun J",
    "phone": "8848808103",
    "address_line1": "edathara po , no 61, kadakkal",
    "address_line2": "",
    "city": "Kollam",
    "state": "Kerala",
    "country": "India",
    "pincode": "691536",
    "payment_method": "razorpay",
    "payment_status": "paid",
    "subtotal": "2360.00",
    "tax": "581.40",
    "shipping_fee": "0.00",
    "coupon": 19,
    "coupon_discount": "61.92",
    "total": "2298.08",
    "created_at": "2026-01-15T05:26:22.869Z",
    "updated_at": "2026-01-15T05:26:22.869Z",
    "order_number": "sz1151"
  }
},
{
  "model": "orders.order",
  "pk": 152,
  "fields": {
    "uuid": "340935be-998b-4bfe-925c-a0ef3834ebf9",
    "razorpay_order_id": "order_S46JSaBnSpvPXV",
    "razorpay_payment_id": null,
    "user": [
      "jarjun042000@gmail.com"
    ],
    "address": 25,
    "full_name": "_____________________-",
    "phone": "555555555555",
    "address_line1": "edathara po, kadakkal, kollam",
    "address_line2": "534534534e534534",
    "city": "Kollam",
    "state": "Kerala",
    "country": "India",
    "pincode": "691536",
    "payment_method": "razorpay",
    "payment_status": "pending",
    "subtotal": "3950.00",
    "tax": "468.00",
    "shipping_fee": "0.00",
    "coupon": null,
    "coupon_discount": "0.00",
    "total": "4418.00",
    "created_at": "2026-01-15T09:13:20.859Z",
    "updated_at": "2026-01-15T09:13:20.859Z",
    "order_number": "sz1152"
  }
},
{
  "model": "orders.order",
  "pk": 153,
  "fields": {
    "uuid": "58596343-16b3-4cbd-ad21-c7a12f3a98f0",
    "razorpay_order_id": "order_S48XKeyoLPnjXV",
    "razorpay_payment_id": "pay_S48Xe86SPHZ9Qa",
    "user": [
      "btt@mailsac.com"
    ],
    "address": 31,
    "full_name": "Arjun",
    "phone": "8848808103",
    "address_line1": "edathara po, kadakkal, kollam",
    "address_line2": "",
    "city": "Kollam",
    "state": "Kerala",
    "country": "India",
    "pincode": "691536",
    "payment_method": "razorpay",
    "payment_status": "paid",
    "subtotal": "2183.00",
    "tax": "576.00",
    "shipping_fee": "0.00",
    "coupon": null,
    "coupon_discount": "0.00",
    "total": "2183.00",
    "created_at": "2026-01-15T11:24:08.726Z",
    "updated_at": "2026-01-15T11:24:08.726Z",
    "order_number": "sz1153"
  }
},
{
  "model": "orders.orderitem",
  "pk": 1,
  "fields": {
    "uuid": "5650734c-9647-47d2-918b-072bdaf547a8",
    "order": 1,
    "product": 23,
    "variant": 30,
    "cancel_reason": null,
    "quantity": 1,
    "price": "849.60",
    "status": "return_requested",
    "coupon_share": "0.00",
    "net_paid_amount": "0.00",
    "sub_order_id": "sz1001-1",
    "created_at": "2025-12-08T05:07:24.663Z"
  }
},
{
  "model": "orders.orderitem",
  "pk": 2,
  "fields": {
    "uuid": "4cb7b21d-fe8c-4f84-9c08-436e6b831036",
    "order": 1,
    "product": 12,
    "variant": 12,
    "cancel_reason": null,
    "quantity": 1,
    "price": "4956.00",
    "status": "returned",
    "coupon_share": "0.00",
    "net_paid_amount": "0.00",
    "sub_order_id": "sz1001-2",
    "created_at": "2025-12-08T05:07:24.676Z"
  }
},
{
  "model": "orders.orderitem",
  "pk": 3,
  "fields": {
    "uuid": "bb18c373-befd-4929-b7fd-a584a6b904ba",
    "order": 2,
    "product": 16,
    "variant": 6,
    "cancel_reason": null,
    "quantity": 5,
    "price": "14744.10",
    "status": "pending",
    "coupon_share": "0.00",
    "net_paid_amount": "0.00",
    "sub_order_id": "sz1002-1",
    "created_at": "2025-12-08T05:08:33.639Z"
  }
},
{
  "model": "orders.orderitem",
  "pk": 4,
  "fields": {
    "uuid": "358feb48-cfd5-4491-a357-1bb82ba18c37",
    "order": 2,
    "product": 21,
    "variant": 23,
    "cancel_reason": null,
    "quantity": 4,
    "price": "6372.00",
    "status": "returned",
    "coupon_share": "0.00",
    "net_paid_amount": "0.00",
    "sub_order_id": "sz1002-2",
    "created_at": "2025-12-08T05:08:33.652Z"
  }
},
{
  "model": "orders.orderitem",
  "pk": 5,
  "fields": {
    "uuid": "a0817a9c-17b0-4364-94e3-4bc6d34280db",
    "order": 3,
    "product": 22,
    "variant": 27,
    "cancel_reason": null,
    "quantity": 5,
    "price": "7965.00",
    "status": "returned",
    "coupon_share": "0.00",
    "net_paid_amount": "0.00",
    "sub_order_id": "sz1003-1",
    "created_at": "2025-12-08T05:20:59.113Z"
  }
},
{
  "model": "orders.orderitem",
  "pk": 6,
  "fields": {
    "uuid": "fc4f8c7a-ef0f-4fb1-bc49-2a57946ca750",
    "order": 4,
    "product": 23,
    "variant": 30,
    "cancel_reason": null,
    "quantity": 2,
    "price": "1699.20",
    "status": "pending",
    "coupon_share": "0.00",
    "net_paid_amount": "0.00",
    "sub_order_id": "sz1004-1",
    "created_at": "2025-12-08T15:27:47.520Z"
  }
},
{
  "model": "orders.orderitem",
  "pk": 7,
  "fields": {
    "uuid": "9468efdd-baa1-4c66-80c4-dabb1337377e",
    "order": 5,
    "product": 23,
    "variant": 29,
    "cancel_reason": null,
    "quantity": 1,
    "price": "1593.00",
    "status": "processing",
    "coupon_share": "0.00",
    "net_paid_amount": "0.00",
    "sub_order_id": "sz1005-1",
    "created_at": "2025-12-08T15:36:22.589Z"
  }
},
{
  "model": "orders.orderitem",
  "pk": 8,
  "fields": {
    "uuid": "ed5d8a31-51e3-4b1d-9ee1-a58de161d2e7",
    "order": 7,
    "product": 22,
    "variant": 27,
    "cancel_reason": null,
    "quantity": 1,
    "price": "1593.00",
    "status": "pending",
    "coupon_share": "0.00",
    "net_paid_amount": "0.00",
    "sub_order_id": "sz1007-1",
    "created_at": "2025-12-09T05:32:32.866Z"
  }
},
{
  "model": "orders.orderitem",
  "pk": 9,
  "fields": {
    "uuid": "f8c7193a-0152-4ca1-a488-d4fba1a17a88",
    "order": 8,
    "product": 25,
    "variant": null,
    "cancel_reason": null,
    "quantity": 1,
    "price": "1416.00",
    "status": "cancelled",
    "coupon_share": "0.00",
    "net_paid_amount": "0.00",
    "sub_order_id": "sz1008-1",
    "created_at": "2025-12-09T07:21:59.423Z"
  }
},
{
  "model": "orders.orderitem",
  "pk": 10,
  "fields": {
    "uuid": "2de7e270-d209-4789-a3c8-f08180f25826",
    "order": 8,
    "product": 25,
    "variant": null,
    "cancel_reason": null,
    "quantity": 1,
    "price": "2950.00",
    "status": "returned",
    "coupon_share": "0.00",
    "net_paid_amount": "0.00",
    "sub_order_id": "sz1008-2",
    "created_at": "2025-12-09T07:21:59.475Z"
  }
},
{
  "model": "orders.orderitem",
  "pk": 11,
  "fields": {
    "uuid": "0df59630-0cb4-4099-b66b-8f53f9ea3646",
    "order": 8,
    "product": 20,
    "variant": 22,
    "cancel_reason": null,
    "quantity": 1,
    "price": "920.40",
    "status": "delivered",
    "coupon_share": "0.00",
    "net_paid_amount": "0.00",
    "sub_order_id": "sz1008-3",
    "created_at": "2025-12-09T07:21:59.528Z"
  }
},
{
  "model": "orders.orderitem",
  "pk": 12,
  "fields": {
    "uuid": "ce9579eb-513c-4184-b22d-d9d7415c2063",
    "order": 9,
    "product": 20,
    "variant": 22,
    "cancel_reason": null,
    "quantity": 2,
    "price": "1840.80",
    "status": "cancelled",
    "coupon_share": "0.00",
    "net_paid_amount": "0.00",
    "sub_order_id": "sz1009-1",
    "created_at": "2025-12-10T06:37:44.478Z"
  }
},
{
  "model": "orders.orderitem",
  "pk": 13,
  "fields": {
    "uuid": "92edc1a9-1a2c-486c-8494-dca7ebf7eec7",
    "order": 10,
    "product": 21,
    "variant": 24,
    "cancel_reason": null,
    "quantity": 3,
    "price": "6549.00",
    "status": "delivered",
    "coupon_share": "0.00",
    "net_paid_amount": "0.00",
    "sub_order_id": "sz1010-1",
    "created_at": "2025-12-10T12:07:25.110Z"
  }
},
{
  "model": "orders.orderitem",
  "pk": 14,
  "fields": {
    "uuid": "b2669180-9472-4897-9d45-e8c6c9724cfe",
    "order": 11,
    "product": 21,
    "variant": 24,
    "cancel_reason": null,
    "quantity": 5,
    "price": "10915.00",
    "status": "shipped",
    "coupon_share": "0.00",
    "net_paid_amount": "0.00",
    "sub_order_id": "sz1011-1",
    "created_at": "2025-12-10T12:08:18.070Z"
  }
},
{
  "model": "orders.orderitem",
  "pk": 15,
  "fields": {
    "uuid": "a623cbc4-99fa-44a3-bb21-05dcc8349986",
    "order": 12,
    "product": 20,
    "variant": 21,
    "cancel_reason": null,
    "quantity": 4,
    "price": "6844.00",
    "status": "returned",
    "coupon_share": "0.00",
    "net_paid_amount": "0.00",
    "sub_order_id": "sz1012-1",
    "created_at": "2025-12-11T07:07:38.886Z"
  }
},
{
  "model": "orders.orderitem",
  "pk": 16,
  "fields": {
    "uuid": "3d8c3d64-538e-46e4-9d87-4b258119f3a6",
    "order": 13,
    "product": 23,
    "variant": 28,
    "cancel_reason": null,
    "quantity": 1,
    "price": "1711.00",
    "status": "cancelled",
    "coupon_share": "0.00",
    "net_paid_amount": "0.00",
    "sub_order_id": "sz1013-1",
    "created_at": "2025-12-15T09:46:06.014Z"
  }
},
{
  "model": "orders.orderitem",
  "pk": 17,
  "fields": {
    "uuid": "f69b7509-eac2-4e9d-8d4b-09bea8143869",
    "order": 13,
    "product": 23,
    "variant": 30,
    "cancel_reason": null,
    "quantity": 4,
    "price": "3398.40",
    "status": "cancelled",
    "coupon_share": "0.00",
    "net_paid_amount": "0.00",
    "sub_order_id": "sz1013-2",
    "created_at": "2025-12-15T09:46:06.034Z"
  }
},
{
  "model": "orders.orderitem",
  "pk": 18,
  "fields": {
    "uuid": "a73f1166-abc6-4625-9d72-eab5befbbc40",
    "order": 13,
    "product": 26,
    "variant": 39,
    "cancel_reason": "i dont like the product",
    "quantity": 1,
    "price": "1456.12",
    "status": "cancelled",
    "coupon_share": "0.00",
    "net_paid_amount": "0.00",
    "sub_order_id": "sz1013-3",
    "created_at": "2025-12-15T09:46:06.052Z"
  }
},
{
  "model": "orders.orderitem",
  "pk": 19,
  "fields": {
    "uuid": "8afb9b61-ba4b-4fb2-8819-79747986c42f",
    "order": 13,
    "product": 25,
    "variant": 37,
    "cancel_reason": null,
    "quantity": 1,
    "price": "2360.00",
    "status": "cancelled",
    "coupon_share": "0.00",
    "net_paid_amount": "0.00",
    "sub_order_id": "sz1013-4",
    "created_at": "2025-12-15T09:46:06.068Z"
  }
},
{
  "model": "orders.orderitem",
  "pk": 20,
  "fields": {
    "uuid": "a8872153-23d0-40b9-b10e-dbf1a23b27d4",
    "order": 14,
    "product": 24,
    "variant": 35,
    "cancel_reason": "yhj dsjhdb dsdas",
    "quantity": 1,
    "price": "1451.40",
    "status": "cancelled",
    "coupon_share": "0.00",
    "net_paid_amount": "0.00",
    "sub_order_id": "sz1014-1",
    "created_at": "2025-12-16T00:23:42.971Z"
  }
},
{
  "model": "orders.orderitem",
  "pk": 21,
  "fields": {
    "uuid": "638feba2-8fd5-4f2e-bd83-ee695ee68e74",
    "order": 15,
    "product": 24,
    "variant": 31,
    "cancel_reason": null,
    "quantity": 1,
    "price": "2360.00",
    "status": "delivered",
    "coupon_share": "0.00",
    "net_paid_amount": "0.00",
    "sub_order_id": "sz1015-1",
    "created_at": "2025-12-16T06:15:42.419Z"
  }
},
{
  "model": "orders.orderitem",
  "pk": 22,
  "fields": {
    "uuid": "fb445e12-6433-4e6d-8b56-492394a5268c",
    "order": 15,
    "product": 25,
    "variant": 37,
    "cancel_reason": null,
    "quantity": 1,
    "price": "2360.00",
    "status": "shipped",
    "coupon_share": "0.00",
    "net_paid_amount": "0.00",
    "sub_order_id": "sz1015-2",
    "created_at": "2025-12-16T06:15:42.443Z"
  }
},
{
  "model": "orders.orderitem",
  "pk": 23,
  "fields": {
    "uuid": "41d424ea-550e-4368-aa94-664fd2838eb8",
    "order": 16,
    "product": 25,
    "variant": 37,
    "cancel_reason": null,
    "quantity": 2,
    "price": "4720.00",
    "status": "returned",
    "coupon_share": "0.00",
    "net_paid_amount": "0.00",
    "sub_order_id": "sz1016-1",
    "created_at": "2025-12-16T07:32:19.570Z"
  }
},
{
  "model": "orders.orderitem",
  "pk": 24,
  "fields": {
    "uuid": "8767963d-16e9-483b-9ba1-d0b6e79845e0",
    "order": 16,
    "product": 24,
    "variant": 35,
    "cancel_reason": "the item was broken",
    "quantity": 1,
    "price": "1451.40",
    "status": "cancelled",
    "coupon_share": "0.00",
    "net_paid_amount": "0.00",
    "sub_order_id": "sz1016-2",
    "created_at": "2025-12-16T07:32:19.639Z"
  }
},
{
  "model": "orders.orderitem",
  "pk": 25,
  "fields": {
    "uuid": "61724af5-2991-4075-8844-b09bb75eae0f",
    "order": 17,
    "product": 22,
    "variant": 27,
    "cancel_reason": null,
    "quantity": 4,
    "price": "6372.00",
    "status": "pending",
    "coupon_share": "0.00",
    "net_paid_amount": "0.00",
    "sub_order_id": "sz1017-1",
    "created_at": "2025-12-18T05:27:59.994Z"
  }
},
{
  "model": "orders.orderitem",
  "pk": 26,
  "fields": {
    "uuid": "872d1bf4-21ae-468f-9a90-2f6b23e89ce1",
    "order": 17,
    "product": 22,
    "variant": 26,
    "cancel_reason": null,
    "quantity": 4,
    "price": "8732.00",
    "status": "pending",
    "coupon_share": "0.00",
    "net_paid_amount": "0.00",
    "sub_order_id": "sz1017-2",
    "created_at": "2025-12-18T05:28:00.009Z"
  }
},
{
  "model": "orders.orderitem",
  "pk": 27,
  "fields": {
    "uuid": "6bd7f918-ec09-436e-aee6-7edc0cf5b992",
    "order": 18,
    "product": 15,
    "variant": 8,
    "cancel_reason": null,
    "quantity": 1,
    "price": "3078.74",
    "status": "pending",
    "coupon_share": "0.00",
    "net_paid_amount": "0.00",
    "sub_order_id": "sz1018-1",
    "created_at": "2025-12-24T11:08:06.585Z"
  }
},
{
  "model": "orders.orderitem",
  "pk": 28,
  "fields": {
    "uuid": "a8f1f456-1e04-44ba-b891-67fe4e149102",
    "order": 19,
    "product": 15,
    "variant": 8,
    "cancel_reason": null,
    "quantity": 1,
    "price": "3078.74",
    "status": "pending",
    "coupon_share": "0.00",
    "net_paid_amount": "0.00",
    "sub_order_id": "sz1019-1",
    "created_at": "2025-12-24T11:11:07.650Z"
  }
},
{
  "model": "orders.orderitem",
  "pk": 29,
  "fields": {
    "uuid": "41b905e6-5ff8-47f7-93f5-dbfddfb7ea58",
    "order": 20,
    "product": 15,
    "variant": 9,
    "cancel_reason": null,
    "quantity": 2,
    "price": "8071.20",
    "status": "pending",
    "coupon_share": "0.00",
    "net_paid_amount": "0.00",
    "sub_order_id": "sz1020-1",
    "created_at": "2025-12-24T12:06:24.400Z"
  }
},
{
  "model": "orders.orderitem",
  "pk": 30,
  "fields": {
    "uuid": "58942864-8e32-4510-ab7b-f796c519f0cc",
    "order": 21,
    "product": 15,
    "variant": 9,
    "cancel_reason": null,
    "quantity": 2,
    "price": "8071.20",
    "status": "pending",
    "coupon_share": "0.00",
    "net_paid_amount": "0.00",
    "sub_order_id": "sz1021-1",
    "created_at": "2025-12-24T12:07:29.802Z"
  }
},
{
  "model": "orders.orderitem",
  "pk": 31,
  "fields": {
    "uuid": "a85a6275-f682-4d9d-936a-6065a327ef69",
    "order": 22,
    "product": 15,
    "variant": 8,
    "cancel_reason": null,
    "quantity": 1,
    "price": "3078.74",
    "status": "pending",
    "coupon_share": "0.00",
    "net_paid_amount": "0.00",
    "sub_order_id": "sz1022-1",
    "created_at": "2025-12-24T13:54:49.698Z"
  }
},
{
  "model": "orders.orderitem",
  "pk": 32,
  "fields": {
    "uuid": "b7a0354b-c2e1-4006-94dc-1a20c1635652",
    "order": 22,
    "product": 26,
    "variant": 39,
    "cancel_reason": null,
    "quantity": 1,
    "price": "1456.12",
    "status": "pending",
    "coupon_share": "0.00",
    "net_paid_amount": "0.00",
    "sub_order_id": "sz1022-2",
    "created_at": "2025-12-24T13:54:49.719Z"
  }
},
{
  "model": "orders.orderitem",
  "pk": 33,
  "fields": {
    "uuid": "aefc5004-7031-41cf-b819-6f4d706c1577",
    "order": 23,
    "product": 15,
    "variant": 8,
    "cancel_reason": null,
    "quantity": 1,
    "price": "3078.74",
    "status": "pending",
    "coupon_share": "0.00",
    "net_paid_amount": "0.00",
    "sub_order_id": "sz1023-1",
    "created_at": "2025-12-24T14:00:00.408Z"
  }
},
{
  "model": "orders.orderitem",
  "pk": 34,
  "fields": {
    "uuid": "fe7bdad0-ea20-47e9-9a95-e2eca963f257",
    "order": 24,
    "product": 15,
    "variant": 8,
    "cancel_reason": null,
    "quantity": 1,
    "price": "3078.74",
    "status": "pending",
    "coupon_share": "0.00",
    "net_paid_amount": "0.00",
    "sub_order_id": "-1",
    "created_at": "2025-12-24T14:09:14.671Z"
  }
},
{
  "model": "orders.orderitem",
  "pk": 35,
  "fields": {
    "uuid": "cd69d4e5-a16f-4a43-8d50-41e26287293e",
    "order": 28,
    "product": 15,
    "variant": 8,
    "cancel_reason": "not good ghg",
    "quantity": 1,
    "price": "3078.74",
    "status": "cancelled",
    "coupon_share": "0.00",
    "net_paid_amount": "0.00",
    "sub_order_id": "sz1028-1",
    "created_at": "2025-12-24T15:39:39.335Z"
  }
},
{
  "model": "orders.orderitem",
  "pk": 36,
  "fields": {
    "uuid": "9a6e7afe-be2b-46fb-bf23-f95590e22e09",
    "order": 28,
    "product": 15,
    "variant": 9,
    "cancel_reason": null,
    "quantity": 1,
    "price": "4035.60",
    "status": "pending",
    "coupon_share": "0.00",
    "net_paid_amount": "0.00",
    "sub_order_id": "sz1028-2",
    "created_at": "2025-12-24T15:39:39.356Z"
  }
},
{
  "model": "orders.orderitem",
  "pk": 37,
  "fields": {
    "uuid": "8d457298-ef03-4397-83f3-23b36903c924",
    "order": 29,
    "product": 26,
    "variant": 39,
    "cancel_reason": null,
    "quantity": 1,
    "price": "1456.12",
    "status": "pending",
    "coupon_share": "0.00",
    "net_paid_amount": "0.00",
    "sub_order_id": "sz1029-1",
    "created_at": "2025-12-26T04:49:56.931Z"
  }
},
{
  "model": "orders.orderitem",
  "pk": 38,
  "fields": {
    "uuid": "ada1576b-496b-4bcf-acfc-7aa670e70043",
    "order": 30,
    "product": 23,
    "variant": 30,
    "cancel_reason": null,
    "quantity": 1,
    "price": "849.60",
    "status": "pending",
    "coupon_share": "0.00",
    "net_paid_amount": "0.00",
    "sub_order_id": "sz1030-1",
    "created_at": "2025-12-26T10:15:27.226Z"
  }
},
{
  "model": "orders.orderitem",
  "pk": 39,
  "fields": {
    "uuid": "91cbdaee-f93d-4017-be6b-b5856529dd9e",
    "order": 31,
    "product": 20,
    "variant": 22,
    "cancel_reason": null,
    "quantity": 5,
    "price": "4602.00",
    "status": "returned",
    "coupon_share": "0.00",
    "net_paid_amount": "0.00",
    "sub_order_id": "sz1031-1",
    "created_at": "2025-12-26T11:33:55.074Z"
  }
},
{
  "model": "orders.orderitem",
  "pk": 40,
  "fields": {
    "uuid": "a8c1bfc6-3186-4ca7-8328-399cb9b0bb04",
    "order": 31,
    "product": 27,
    "variant": 42,
    "cancel_reason": "the product was broken",
    "quantity": 5,
    "price": "6490.00",
    "status": "cancelled",
    "coupon_share": "0.00",
    "net_paid_amount": "0.00",
    "sub_order_id": "sz1031-2",
    "created_at": "2025-12-26T11:33:55.095Z"
  }
},
{
  "model": "orders.orderitem",
  "pk": 41,
  "fields": {
    "uuid": "adca373b-d38d-4658-9aa2-8ae5b3ca8052",
    "order": 32,
    "product": 15,
    "variant": 8,
    "cancel_reason": null,
    "quantity": 1,
    "price": "2907.70",
    "status": "pending",
    "coupon_share": "0.00",
    "net_paid_amount": "0.00",
    "sub_order_id": "sz1032-1",
    "created_at": "2025-12-26T11:49:50.846Z"
  }
},
{
  "model": "orders.orderitem",
  "pk": 42,
  "fields": {
    "uuid": "b351bc73-5929-48da-a979-7cd84adf057d",
    "order": 33,
    "product": 23,
    "variant": 30,
    "cancel_reason": null,
    "quantity": 1,
    "price": "849.60",
    "status": "pending",
    "coupon_share": "0.00",
    "net_paid_amount": "0.00",
    "sub_order_id": "sz1033-1",
    "created_at": "2025-12-27T04:19:20.881Z"
  }
},
{
  "model": "orders.orderitem",
  "pk": 43,
  "fields": {
    "uuid": "0c42c521-6388-4e0a-a82a-995821b1ef16",
    "order": 33,
    "product": 23,
    "variant": 29,
    "cancel_reason": "the item broken",
    "quantity": 1,
    "price": "1593.00",
    "status": "cancelled",
    "coupon_share": "0.00",
    "net_paid_amount": "0.00",
    "sub_order_id": "sz1033-2",
    "created_at": "2025-12-27T04:19:20.893Z"
  }
},
{
  "model": "orders.orderitem",
  "pk": 44,
  "fields": {
    "uuid": "afd6fb39-8b25-494c-8ad4-d1c0e4128a22",
    "order": 34,
    "product": 27,
    "variant": 42,
    "cancel_reason": null,
    "quantity": 1,
    "price": "1103.30",
    "status": "pending",
    "coupon_share": "0.00",
    "net_paid_amount": "0.00",
    "sub_order_id": "sz1034-1",
    "created_at": "2025-12-27T04:21:06.016Z"
  }
},
{
  "model": "orders.orderitem",
  "pk": 45,
  "fields": {
    "uuid": "8709b4c9-55e2-4e96-aec0-82a1472677bf",
    "order": 34,
    "product": 22,
    "variant": 27,
    "cancel_reason": null,
    "quantity": 1,
    "price": "1593.00",
    "status": "pending",
    "coupon_share": "0.00",
    "net_paid_amount": "0.00",
    "sub_order_id": "sz1034-2",
    "created_at": "2025-12-27T04:21:06.032Z"
  }
},
{
  "model": "orders.orderitem",
  "pk": 46,
  "fields": {
    "uuid": "ee4c5dce-b0d9-4bf3-aa8d-e2bfe7207b74",
    "order": 35,
    "product": 23,
    "variant": 30,
    "cancel_reason": null,
    "quantity": 5,
    "price": "4248.00",
    "status": "pending",
    "coupon_share": "0.00",
    "net_paid_amount": "0.00",
    "sub_order_id": "sz1035-1",
    "created_at": "2025-12-27T04:21:57.341Z"
  }
},
{
  "model": "orders.orderitem",
  "pk": 47,
  "fields": {
    "uuid": "ed9acf7e-d969-404a-8382-9add4fdb37a4",
    "order": 35,
    "product": 21,
    "variant": 24,
    "cancel_reason": null,
    "quantity": 5,
    "price": "10915.00",
    "status": "pending",
    "coupon_share": "0.00",
    "net_paid_amount": "0.00",
    "sub_order_id": "sz1035-2",
    "created_at": "2025-12-27T04:21:57.356Z"
  }
},
{
  "model": "orders.orderitem",
  "pk": 48,
  "fields": {
    "uuid": "88efedb7-3bfe-42d1-b753-a4fcc0def82d",
    "order": 36,
    "product": 26,
    "variant": 39,
    "cancel_reason": null,
    "quantity": 1,
    "price": "1456.12",
    "status": "pending",
    "coupon_share": "0.00",
    "net_paid_amount": "0.00",
    "sub_order_id": "sz1036-1",
    "created_at": "2025-12-28T07:06:18.105Z"
  }
},
{
  "model": "orders.orderitem",
  "pk": 49,
  "fields": {
    "uuid": "6e1fff11-f182-43a1-b7b8-6821ee74a60f",
    "order": 36,
    "product": 25,
    "variant": 37,
    "cancel_reason": null,
    "quantity": 1,
    "price": "2360.00",
    "status": "pending",
    "coupon_share": "0.00",
    "net_paid_amount": "0.00",
    "sub_order_id": "sz1036-2",
    "created_at": "2025-12-28T07:06:18.130Z"
  }
},
{
  "model": "orders.orderitem",
  "pk": 50,
  "fields": {
    "uuid": "b2df690e-8717-4854-92be-7563c326bcc4",
    "order": 37,
    "product": 21,
    "variant": 23,
    "cancel_reason": null,
    "quantity": 3,
    "price": "4779.00",
    "status": "pending",
    "coupon_share": "0.00",
    "net_paid_amount": "0.00",
    "sub_order_id": "sz1037-1",
    "created_at": "2025-12-28T08:38:11.500Z"
  }
},
{
  "model": "orders.orderitem",
  "pk": 51,
  "fields": {
    "uuid": "5d552c75-dfa4-4132-8bbd-692942ed9a15",
    "order": 37,
    "product": 22,
    "variant": 27,
    "cancel_reason": null,
    "quantity": 1,
    "price": "1593.00",
    "status": "pending",
    "coupon_share": "0.00",
    "net_paid_amount": "0.00",
    "sub_order_id": "sz1037-2",
    "created_at": "2025-12-28T08:38:11.516Z"
  }
},
{
  "model": "orders.orderitem",
  "pk": 52,
  "fields": {
    "uuid": "99682406-b2c6-46ce-879d-4e7e395bea4b",
    "order": 38,
    "product": 22,
    "variant": 27,
    "cancel_reason": null,
    "quantity": 2,
    "price": "3186.00",
    "status": "pending",
    "coupon_share": "0.00",
    "net_paid_amount": "0.00",
    "sub_order_id": "sz1038-1",
    "created_at": "2025-12-28T08:43:09.978Z"
  }
},
{
  "model": "orders.orderitem",
  "pk": 53,
  "fields": {
    "uuid": "bfaa0745-81fe-47e1-ab1a-ce1fd3f7ea6d",
    "order": 39,
    "product": 26,
    "variant": 39,
    "cancel_reason": null,
    "quantity": 2,
    "price": "2912.24",
    "status": "pending",
    "coupon_share": "0.00",
    "net_paid_amount": "0.00",
    "sub_order_id": "sz1039-1",
    "created_at": "2025-12-28T08:45:16.183Z"
  }
},
{
  "model": "orders.orderitem",
  "pk": 54,
  "fields": {
    "uuid": "c5ef913f-0429-494e-ad2c-1d8a10915d38",
    "order": 40,
    "product": 22,
    "variant": 27,
    "cancel_reason": null,
    "quantity": 2,
    "price": "3186.00",
    "status": "pending",
    "coupon_share": "0.00",
    "net_paid_amount": "0.00",
    "sub_order_id": "sz1040-1",
    "created_at": "2025-12-28T09:02:50.665Z"
  }
},
{
  "model": "orders.orderitem",
  "pk": 55,
  "fields": {
    "uuid": "021bbf4d-7ca9-4312-8df9-6d72ddb8c26c",
    "order": 41,
    "product": 25,
    "variant": 37,
    "cancel_reason": null,
    "quantity": 1,
    "price": "2360.00",
    "status": "pending",
    "coupon_share": "0.00",
    "net_paid_amount": "0.00",
    "sub_order_id": "sz1041-1",
    "created_at": "2025-12-28T09:04:18.002Z"
  }
},
{
  "model": "orders.orderitem",
  "pk": 56,
  "fields": {
    "uuid": "61493481-69ec-47e6-aad2-4f19d40af3fd",
    "order": 42,
    "product": 22,
    "variant": 26,
    "cancel_reason": "the item was broken",
    "quantity": 2,
    "price": "4366.00",
    "status": "cancelled",
    "coupon_share": "0.00",
    "net_paid_amount": "0.00",
    "sub_order_id": "sz1042-1",
    "created_at": "2025-12-28T09:05:47.679Z"
  }
},
{
  "model": "orders.orderitem",
  "pk": 57,
  "fields": {
    "uuid": "f58d0d7b-1da2-4bb0-924f-821194a8f6e2",
    "order": 43,
    "product": 25,
    "variant": 37,
    "cancel_reason": null,
    "quantity": 5,
    "price": "11800.00",
    "status": "pending",
    "coupon_share": "0.00",
    "net_paid_amount": "0.00",
    "sub_order_id": "sz1043-1",
    "created_at": "2025-12-28T09:24:17.071Z"
  }
},
{
  "model": "orders.orderitem",
  "pk": 58,
  "fields": {
    "uuid": "3c18b080-88e0-4123-bac5-6f726d638120",
    "order": 43,
    "product": 26,
    "variant": 39,
    "cancel_reason": null,
    "quantity": 5,
    "price": "7280.60",
    "status": "pending",
    "coupon_share": "0.00",
    "net_paid_amount": "0.00",
    "sub_order_id": "sz1043-2",
    "created_at": "2025-12-28T09:24:17.076Z"
  }
},
{
  "model": "orders.orderitem",
  "pk": 59,
  "fields": {
    "uuid": "d7e5465b-39fa-45a1-a412-86a97ca6dcc9",
    "order": 44,
    "product": 22,
    "variant": 27,
    "cancel_reason": null,
    "quantity": 5,
    "price": "7965.00",
    "status": "pending",
    "coupon_share": "0.00",
    "net_paid_amount": "0.00",
    "sub_order_id": "sz1044-1",
    "created_at": "2025-12-29T04:05:34.309Z"
  }
},
{
  "model": "orders.orderitem",
  "pk": 60,
  "fields": {
    "uuid": "6085e74c-1fef-45c2-a079-2007cc13fcf4",
    "order": 44,
    "product": 25,
    "variant": 37,
    "cancel_reason": null,
    "quantity": 5,
    "price": "11800.00",
    "status": "pending",
    "coupon_share": "0.00",
    "net_paid_amount": "0.00",
    "sub_order_id": "sz1044-2",
    "created_at": "2025-12-29T04:05:34.331Z"
  }
},
{
  "model": "orders.orderitem",
  "pk": 61,
  "fields": {
    "uuid": "0e6f7460-e873-467b-b1a9-7e3f0b25d373",
    "order": 45,
    "product": 26,
    "variant": 39,
    "cancel_reason": null,
    "quantity": 1,
    "price": "1456.12",
    "status": "pending",
    "coupon_share": "0.00",
    "net_paid_amount": "0.00",
    "sub_order_id": "sz1045-1",
    "created_at": "2025-12-29T04:14:46.175Z"
  }
},
{
  "model": "orders.orderitem",
  "pk": 62,
  "fields": {
    "uuid": "e92eb822-729c-4733-952b-4db2877cae0f",
    "order": 46,
    "product": 26,
    "variant": 39,
    "cancel_reason": "this item broken",
    "quantity": 1,
    "price": "1456.12",
    "status": "cancelled",
    "coupon_share": "0.00",
    "net_paid_amount": "0.00",
    "sub_order_id": "sz1046-1",
    "created_at": "2025-12-29T08:53:47.857Z"
  }
},
{
  "model": "orders.orderitem",
  "pk": 63,
  "fields": {
    "uuid": "335223ad-a4f6-408a-aeca-3bb8cbfbc5b8",
    "order": 47,
    "product": 26,
    "variant": 39,
    "cancel_reason": null,
    "quantity": 1,
    "price": "1456.12",
    "status": "pending",
    "coupon_share": "0.00",
    "net_paid_amount": "0.00",
    "sub_order_id": "sz1047-1",
    "created_at": "2025-12-29T10:15:45.578Z"
  }
},
{
  "model": "orders.orderitem",
  "pk": 64,
  "fields": {
    "uuid": "a9ee74ea-e90a-4653-904b-a919480bd159",
    "order": 48,
    "product": 27,
    "variant": 42,
    "cancel_reason": null,
    "quantity": 1,
    "price": "1298.00",
    "status": "pending",
    "coupon_share": "0.00",
    "net_paid_amount": "0.00",
    "sub_order_id": "sz1048-1",
    "created_at": "2025-12-29T10:18:18.284Z"
  }
},
{
  "model": "orders.orderitem",
  "pk": 65,
  "fields": {
    "uuid": "443b7392-a04e-4e70-a524-e07a86abc743",
    "order": 49,
    "product": 27,
    "variant": 42,
    "cancel_reason": "this item were broken",
    "quantity": 1,
    "price": "1298.00",
    "status": "cancelled",
    "coupon_share": "0.00",
    "net_paid_amount": "0.00",
    "sub_order_id": "sz1049-1",
    "created_at": "2025-12-29T10:19:16.381Z"
  }
},
{
  "model": "orders.orderitem",
  "pk": 66,
  "fields": {
    "uuid": "8515696a-c15e-49f1-a717-b389ffbc7b5b",
    "order": 50,
    "product": 21,
    "variant": 23,
    "cancel_reason": "gfhgj jhgjh hjugjh",
    "quantity": 2,
    "price": "3186.00",
    "status": "cancelled",
    "coupon_share": "0.00",
    "net_paid_amount": "0.00",
    "sub_order_id": "sz1050-1",
    "created_at": "2025-12-29T10:22:30.712Z"
  }
},
{
  "model": "orders.orderitem",
  "pk": 67,
  "fields": {
    "uuid": "a6ba75c4-5d89-4ebf-a3cb-fd743045e012",
    "order": 51,
    "product": 14,
    "variant": 10,
    "cancel_reason": "jhbjh jgbjhgb jugjuhgb",
    "quantity": 1,
    "price": "2547.74",
    "status": "cancelled",
    "coupon_share": "0.00",
    "net_paid_amount": "0.00",
    "sub_order_id": "sz1051-1",
    "created_at": "2025-12-29T11:19:49.099Z"
  }
},
{
  "model": "orders.orderitem",
  "pk": 68,
  "fields": {
    "uuid": "67acef62-4f71-4c22-9d48-deb74f5c7e52",
    "order": 52,
    "product": 25,
    "variant": 37,
    "cancel_reason": "hjh hjkbjk kjhkjh",
    "quantity": 1,
    "price": "2360.00",
    "status": "cancelled",
    "coupon_share": "236.00",
    "net_paid_amount": "0.00",
    "sub_order_id": "sz1052-2",
    "created_at": "2025-12-29T11:51:34.153Z"
  }
},
{
  "model": "orders.orderitem",
  "pk": 69,
  "fields": {
    "uuid": "32ab8929-8dfe-42b7-b3b4-041c0dd1b40a",
    "order": 53,
    "product": 25,
    "variant": 37,
    "cancel_reason": "sadv efrwa sefdews",
    "quantity": 1,
    "price": "2360.00",
    "status": "cancelled",
    "coupon_share": "236.00",
    "net_paid_amount": "0.00",
    "sub_order_id": "sz1053-2",
    "created_at": "2025-12-29T11:59:06.705Z"
  }
},
{
  "model": "orders.orderitem",
  "pk": 70,
  "fields": {
    "uuid": "9993c69c-babd-459a-b71f-91c258f7b3dd",
    "order": 54,
    "product": 15,
    "variant": 8,
    "cancel_reason": "sada dsdf sdfs",
    "quantity": 1,
    "price": "3420.82",
    "status": "cancelled",
    "coupon_share": "342.08",
    "net_paid_amount": "0.00",
    "sub_order_id": "sz1054-2",
    "created_at": "2025-12-29T12:06:15.341Z"
  }
},
{
  "model": "orders.orderitem",
  "pk": 71,
  "fields": {
    "uuid": "f95c866e-21d3-4701-823e-5a04701438d8",
    "order": 55,
    "product": 25,
    "variant": 37,
    "cancel_reason": "sdfs sdffds dfdsf",
    "quantity": 1,
    "price": "2360.00",
    "status": "cancelled",
    "coupon_share": "236.00",
    "net_paid_amount": "0.00",
    "sub_order_id": "sz1055-2",
    "created_at": "2025-12-29T12:21:54.060Z"
  }
},
{
  "model": "orders.orderitem",
  "pk": 72,
  "fields": {
    "uuid": "9cc7e3ec-d34a-4a06-86e1-6ebe6405e7d3",
    "order": 56,
    "product": 25,
    "variant": 37,
    "cancel_reason": "sds dsfds ddfxd",
    "quantity": 1,
    "price": "2360.00",
    "status": "cancelled",
    "coupon_share": "218.52",
    "net_paid_amount": "0.00",
    "sub_order_id": "sz1056-2",
    "created_at": "2025-12-29T12:29:59.277Z"
  }
},
{
  "model": "orders.orderitem",
  "pk": 73,
  "fields": {
    "uuid": "09db67e7-2320-4516-954c-467fc3d9f205",
    "order": 57,
    "product": 15,
    "variant": 8,
    "cancel_reason": "ret rete trete",
    "quantity": 1,
    "price": "3420.82",
    "status": "cancelled",
    "coupon_share": "289.90",
    "net_paid_amount": "0.00",
    "sub_order_id": "sz1057-1",
    "created_at": "2025-12-29T12:48:03.386Z"
  }
},
{
  "model": "orders.orderitem",
  "pk": 74,
  "fields": {
    "uuid": "e64d3134-d2ef-45bc-af0e-ebcac468b6a5",
    "order": 58,
    "product": 21,
    "variant": 23,
    "cancel_reason": "jknlk jhbjh jhbjhb",
    "quantity": 1,
    "price": "1593.00",
    "status": "cancelled",
    "coupon_share": "135.00",
    "net_paid_amount": "0.00",
    "sub_order_id": "sz1058-1",
    "created_at": "2025-12-29T12:54:22.855Z"
  }
},
{
  "model": "orders.orderitem",
  "pk": 75,
  "fields": {
    "uuid": "757274fd-57c3-4792-af15-d5dd9409a68a",
    "order": 58,
    "product": 20,
    "variant": 22,
    "cancel_reason": "sdf fdgd fdgdf",
    "quantity": 1,
    "price": "920.40",
    "status": "cancelled",
    "coupon_share": "78.00",
    "net_paid_amount": "0.00",
    "sub_order_id": "sz1058-2",
    "created_at": "2025-12-29T12:54:22.860Z"
  }
},
{
  "model": "orders.orderitem",
  "pk": 76,
  "fields": {
    "uuid": "71cc004c-4f09-4a7f-953c-e8ac70f34127",
    "order": 59,
    "product": 21,
    "variant": 23,
    "cancel_reason": "ghju ghjhj jhgjhg",
    "quantity": 1,
    "price": "1593.00",
    "status": "cancelled",
    "coupon_share": "135.00",
    "net_paid_amount": "0.00",
    "sub_order_id": "sz1059-1",
    "created_at": "2025-12-29T12:58:44.930Z"
  }
},
{
  "model": "orders.orderitem",
  "pk": 77,
  "fields": {
    "uuid": "5676a530-71ed-407d-97ad-61a336f11ef1",
    "order": 59,
    "product": 23,
    "variant": 30,
    "cancel_reason": "hjgkjh jhgjh jhgjh",
    "quantity": 1,
    "price": "849.60",
    "status": "cancelled",
    "coupon_share": "72.00",
    "net_paid_amount": "0.00",
    "sub_order_id": "sz1059-2",
    "created_at": "2025-12-29T12:58:44.934Z"
  }
},
{
  "model": "orders.orderitem",
  "pk": 78,
  "fields": {
    "uuid": "72760f78-20b9-4fe6-987c-2c5de516cbdc",
    "order": 60,
    "product": 25,
    "variant": 37,
    "cancel_reason": "jhgj ikhkjh jkbjkh",
    "quantity": 1,
    "price": "2360.00",
    "status": "cancelled",
    "coupon_share": "193.55",
    "net_paid_amount": "0.00",
    "sub_order_id": "sz1060-1",
    "created_at": "2025-12-29T13:02:58.589Z"
  }
},
{
  "model": "orders.orderitem",
  "pk": 79,
  "fields": {
    "uuid": "2696c297-65ad-4530-9559-2878cf5dee67",
    "order": 60,
    "product": 27,
    "variant": 42,
    "cancel_reason": "hjgjh hgjkh kjhkj",
    "quantity": 1,
    "price": "1298.00",
    "status": "cancelled",
    "coupon_share": "106.45",
    "net_paid_amount": "0.00",
    "sub_order_id": "sz1060-2",
    "created_at": "2025-12-29T13:02:58.594Z"
  }
},
{
  "model": "orders.orderitem",
  "pk": 80,
  "fields": {
    "uuid": "5c9ad5e6-46d5-4f24-bc07-d0a03d6030b8",
    "order": 61,
    "product": 21,
    "variant": 23,
    "cancel_reason": "jhgjhgjhbjh  vhgvh bjh",
    "quantity": 1,
    "price": "1593.00",
    "status": "cancelled",
    "coupon_share": "135.00",
    "net_paid_amount": "0.00",
    "sub_order_id": "sz1061-1",
    "created_at": "2025-12-29T13:05:25.570Z"
  }
},
{
  "model": "orders.orderitem",
  "pk": 81,
  "fields": {
    "uuid": "50d9ed74-9703-4fe2-96e0-463ca7ed7f61",
    "order": 61,
    "product": 20,
    "variant": 22,
    "cancel_reason": "bvvgbv hgghg hgjhg",
    "quantity": 1,
    "price": "920.40",
    "status": "cancelled",
    "coupon_share": "78.00",
    "net_paid_amount": "0.00",
    "sub_order_id": "sz1061-2",
    "created_at": "2025-12-29T13:05:25.574Z"
  }
},
{
  "model": "orders.orderitem",
  "pk": 82,
  "fields": {
    "uuid": "11ff2559-b3a5-4253-80f0-af10453bb468",
    "order": 62,
    "product": 21,
    "variant": 23,
    "cancel_reason": "tfctf tgfcvtgf tfcvtf",
    "quantity": 1,
    "price": "1593.00",
    "status": "cancelled",
    "coupon_share": "135.00",
    "net_paid_amount": "0.00",
    "sub_order_id": "sz1062-1",
    "created_at": "2025-12-29T13:25:42.904Z"
  }
},
{
  "model": "orders.orderitem",
  "pk": 83,
  "fields": {
    "uuid": "b087f37e-1fae-4cf4-81c5-a7190d2d340a",
    "order": 62,
    "product": 20,
    "variant": 22,
    "cancel_reason": "xzdas dfsd dfgd",
    "quantity": 1,
    "price": "920.40",
    "status": "cancelled",
    "coupon_share": "78.00",
    "net_paid_amount": "0.00",
    "sub_order_id": "sz1062-2",
    "created_at": "2025-12-29T13:25:42.909Z"
  }
},
{
  "model": "orders.orderitem",
  "pk": 84,
  "fields": {
    "uuid": "271898ff-faf2-445c-a84d-da946ce29967",
    "order": 63,
    "product": 20,
    "variant": 22,
    "cancel_reason": "zxcz dfs dfs",
    "quantity": 1,
    "price": "920.40",
    "status": "cancelled",
    "coupon_share": "78.00",
    "net_paid_amount": "0.00",
    "sub_order_id": "sz1063-1",
    "created_at": "2025-12-29T13:30:59.731Z"
  }
},
{
  "model": "orders.orderitem",
  "pk": 85,
  "fields": {
    "uuid": "ab8b8ac2-e247-4f06-80be-2cb205d34a13",
    "order": 63,
    "product": 21,
    "variant": 23,
    "cancel_reason": "sdc sdc dscs",
    "quantity": 1,
    "price": "1593.00",
    "status": "cancelled",
    "coupon_share": "135.00",
    "net_paid_amount": "0.00",
    "sub_order_id": "sz1063-2",
    "created_at": "2025-12-29T13:30:59.737Z"
  }
},
{
  "model": "orders.orderitem",
  "pk": 86,
  "fields": {
    "uuid": "fc8d557f-be8a-4086-be56-d006d01079c4",
    "order": 64,
    "product": 21,
    "variant": 23,
    "cancel_reason": null,
    "quantity": 1,
    "price": "1593.00",
    "status": "pending",
    "coupon_share": "135.00",
    "net_paid_amount": "0.00",
    "sub_order_id": "sz1064-1",
    "created_at": "2025-12-29T13:54:59.495Z"
  }
},
{
  "model": "orders.orderitem",
  "pk": 87,
  "fields": {
    "uuid": "83a2b646-5c22-4181-8070-36a1e2a364eb",
    "order": 64,
    "product": 20,
    "variant": 22,
    "cancel_reason": "xcdds dsds sdcsxc",
    "quantity": 1,
    "price": "920.40",
    "status": "cancelled",
    "coupon_share": "78.00",
    "net_paid_amount": "0.00",
    "sub_order_id": "sz1064-2",
    "created_at": "2025-12-29T13:54:59.500Z"
  }
},
{
  "model": "orders.orderitem",
  "pk": 88,
  "fields": {
    "uuid": "2d93a607-3e87-4444-83bb-2951d2cce4ea",
    "order": 65,
    "product": 23,
    "variant": 30,
    "cancel_reason": "reggresd fdgb fg",
    "quantity": 1,
    "price": "849.60",
    "status": "cancelled",
    "coupon_share": "0.00",
    "net_paid_amount": "0.00",
    "sub_order_id": "sz1065-1",
    "created_at": "2025-12-29T13:57:40.701Z"
  }
},
{
  "model": "orders.orderitem",
  "pk": 89,
  "fields": {
    "uuid": "d624a4c5-6bae-4302-a7e8-62b39ea276ba",
    "order": 65,
    "product": 23,
    "variant": 28,
    "cancel_reason": null,
    "quantity": 1,
    "price": "1711.00",
    "status": "pending",
    "coupon_share": "0.00",
    "net_paid_amount": "0.00",
    "sub_order_id": "sz1065-2",
    "created_at": "2025-12-29T13:57:40.709Z"
  }
},
{
  "model": "orders.orderitem",
  "pk": 91,
  "fields": {
    "uuid": "c9ee5f46-4574-4292-9acd-1860b6027539",
    "order": 67,
    "product": 25,
    "variant": 37,
    "cancel_reason": null,
    "quantity": 1,
    "price": "2360.00",
    "status": "pending",
    "coupon_share": "0.00",
    "net_paid_amount": "0.00",
    "sub_order_id": "sz1067-1",
    "created_at": "2025-12-30T05:40:45.430Z"
  }
},
{
  "model": "orders.orderitem",
  "pk": 92,
  "fields": {
    "uuid": "0cf7cbae-9336-46ec-abbe-a43505dac3ec",
    "order": 68,
    "product": 25,
    "variant": 37,
    "cancel_reason": null,
    "quantity": 1,
    "price": "2360.00",
    "status": "pending",
    "coupon_share": "0.00",
    "net_paid_amount": "0.00",
    "sub_order_id": "sz1068-1",
    "created_at": "2025-12-30T05:51:39.725Z"
  }
},
{
  "model": "orders.orderitem",
  "pk": 94,
  "fields": {
    "uuid": "cb81df29-c323-4d32-92a1-44abbb3ec104",
    "order": 70,
    "product": 25,
    "variant": 37,
    "cancel_reason": null,
    "quantity": 1,
    "price": "2360.00",
    "status": "pending",
    "coupon_share": "0.00",
    "net_paid_amount": "0.00",
    "sub_order_id": "sz1070-1",
    "created_at": "2025-12-30T05:55:52.429Z"
  }
},
{
  "model": "orders.orderitem",
  "pk": 95,
  "fields": {
    "uuid": "f53775ff-7c79-41b7-971a-c69aa5fd630b",
    "order": 71,
    "product": 25,
    "variant": 37,
    "cancel_reason": null,
    "quantity": 1,
    "price": "2360.00",
    "status": "pending",
    "coupon_share": "0.00",
    "net_paid_amount": "0.00",
    "sub_order_id": "sz1071-1",
    "created_at": "2025-12-30T05:56:13.711Z"
  }
},
{
  "model": "orders.orderitem",
  "pk": 96,
  "fields": {
    "uuid": "af9cd5ad-da0e-4d50-9ff5-b457aba10599",
    "order": 72,
    "product": 25,
    "variant": 37,
    "cancel_reason": null,
    "quantity": 1,
    "price": "2360.00",
    "status": "pending",
    "coupon_share": "0.00",
    "net_paid_amount": "0.00",
    "sub_order_id": "sz1072-1",
    "created_at": "2025-12-30T06:02:30.039Z"
  }
},
{
  "model": "orders.orderitem",
  "pk": 97,
  "fields": {
    "uuid": "fc3f11b7-569a-4e27-b002-50302cb7c759",
    "order": 73,
    "product": 25,
    "variant": 37,
    "cancel_reason": "dfs dfgd fdgfds",
    "quantity": 1,
    "price": "2360.00",
    "status": "cancelled",
    "coupon_share": "0.00",
    "net_paid_amount": "0.00",
    "sub_order_id": "sz1073-1",
    "created_at": "2025-12-30T06:09:14.646Z"
  }
},
{
  "model": "orders.orderitem",
  "pk": 98,
  "fields": {
    "uuid": "ba660d23-f924-4654-92b6-27a3416b4d7e",
    "order": 74,
    "product": 24,
    "variant": 35,
    "cancel_reason": null,
    "quantity": 1,
    "price": "1451.40",
    "status": "returned",
    "coupon_share": "0.00",
    "net_paid_amount": "0.00",
    "sub_order_id": "sz1074-1",
    "created_at": "2025-12-30T06:20:52.054Z"
  }
},
{
  "model": "orders.orderitem",
  "pk": 99,
  "fields": {
    "uuid": "5d829d67-b3ef-47c6-b825-8ae0edd76dfc",
    "order": 75,
    "product": 25,
    "variant": 37,
    "cancel_reason": null,
    "quantity": 1,
    "price": "2360.00",
    "status": "returned",
    "coupon_share": "0.00",
    "net_paid_amount": "0.00",
    "sub_order_id": "sz1075-1",
    "created_at": "2025-12-30T06:37:56.633Z"
  }
},
{
  "model": "orders.orderitem",
  "pk": 100,
  "fields": {
    "uuid": "ac595dc6-2802-40a7-a257-c278dea3af9c",
    "order": 76,
    "product": 25,
    "variant": 37,
    "cancel_reason": null,
    "quantity": 1,
    "price": "2360.00",
    "status": "returned",
    "coupon_share": "0.00",
    "net_paid_amount": "0.00",
    "sub_order_id": "sz1076-1",
    "created_at": "2025-12-30T06:40:40.614Z"
  }
},
{
  "model": "orders.orderitem",
  "pk": 101,
  "fields": {
    "uuid": "7a3e213c-6e9d-4484-9e0f-03ec7a189704",
    "order": 77,
    "product": 24,
    "variant": 35,
    "cancel_reason": "dvs sdfd dsfds",
    "quantity": 1,
    "price": "1451.40",
    "status": "cancelled",
    "coupon_share": "114.24",
    "net_paid_amount": "0.00",
    "sub_order_id": "sz1077-1",
    "created_at": "2025-12-30T06:41:43.959Z"
  }
},
{
  "model": "orders.orderitem",
  "pk": 102,
  "fields": {
    "uuid": "a3257d4c-dcc7-47ef-8a4a-72170afd45b5",
    "order": 77,
    "product": 25,
    "variant": 37,
    "cancel_reason": null,
    "quantity": 1,
    "price": "2360.00",
    "status": "returned",
    "coupon_share": "185.76",
    "net_paid_amount": "0.00",
    "sub_order_id": "sz1077-2",
    "created_at": "2025-12-30T06:41:43.964Z"
  }
},
{
  "model": "orders.orderitem",
  "pk": 105,
  "fields": {
    "uuid": "94b3c2f9-98e3-46e2-a3e3-62288f3736df",
    "order": 79,
    "product": 20,
    "variant": 22,
    "cancel_reason": null,
    "quantity": 2,
    "price": "1840.80",
    "status": "return_requested",
    "coupon_share": "156.00",
    "net_paid_amount": "0.00",
    "sub_order_id": "sz1079-1",
    "created_at": "2025-12-30T10:25:50.423Z"
  }
},
{
  "model": "orders.orderitem",
  "pk": 106,
  "fields": {
    "uuid": "5918adf7-9799-41c2-9e97-50e80b82ca32",
    "order": 79,
    "product": 24,
    "variant": 35,
    "cancel_reason": null,
    "quantity": 1,
    "price": "1451.40",
    "status": "returned",
    "coupon_share": "123.00",
    "net_paid_amount": "0.00",
    "sub_order_id": "sz1079-2",
    "created_at": "2025-12-30T10:25:50.427Z"
  }
},
{
  "model": "orders.orderitem",
  "pk": 108,
  "fields": {
    "uuid": "dd3ae469-c673-4f06-a253-b72f0680e0a6",
    "order": 81,
    "product": 25,
    "variant": 37,
    "cancel_reason": null,
    "quantity": 1,
    "price": "2360.00",
    "status": "returned",
    "coupon_share": "0.00",
    "net_paid_amount": "0.00",
    "sub_order_id": "sz1081-1",
    "created_at": "2025-12-30T11:29:25.583Z"
  }
},
{
  "model": "orders.orderitem",
  "pk": 109,
  "fields": {
    "uuid": "ad2fc997-f705-44eb-88bf-1e554abcc4e2",
    "order": 82,
    "product": 25,
    "variant": 37,
    "cancel_reason": null,
    "quantity": 1,
    "price": "2360.00",
    "status": "returned",
    "coupon_share": "0.00",
    "net_paid_amount": "0.00",
    "sub_order_id": "sz1082-1",
    "created_at": "2025-12-30T12:15:47.033Z"
  }
},
{
  "model": "orders.orderitem",
  "pk": 110,
  "fields": {
    "uuid": "fc0f310d-13c0-4ccd-a6e4-0cd42774af54",
    "order": 83,
    "product": 20,
    "variant": 22,
    "cancel_reason": "asda sdfs sddf",
    "quantity": 1,
    "price": "920.40",
    "status": "cancelled",
    "coupon_share": "57.14",
    "net_paid_amount": "0.00",
    "sub_order_id": "sz1083-1",
    "created_at": "2025-12-30T12:29:27.436Z"
  }
},
{
  "model": "orders.orderitem",
  "pk": 111,
  "fields": {
    "uuid": "14e8058c-d6b5-4564-b011-fbf167d9e9cd",
    "order": 83,
    "product": 20,
    "variant": 20,
    "cancel_reason": null,
    "quantity": 1,
    "price": "2301.00",
    "status": "returned",
    "coupon_share": "142.86",
    "net_paid_amount": "0.00",
    "sub_order_id": "sz1083-2",
    "created_at": "2025-12-30T12:29:27.440Z"
  }
},
{
  "model": "orders.orderitem",
  "pk": 113,
  "fields": {
    "uuid": "f0d47ff9-d716-4f10-a404-61757645b568",
    "order": 85,
    "product": 24,
    "variant": 35,
    "cancel_reason": null,
    "quantity": 1,
    "price": "1451.40",
    "status": "returned",
    "coupon_share": "76.16",
    "net_paid_amount": "1375.24",
    "sub_order_id": "sz1085-1",
    "created_at": "2025-12-30T13:00:44.385Z"
  }
},
{
  "model": "orders.orderitem",
  "pk": 114,
  "fields": {
    "uuid": "9f7f6864-c1b0-41f8-ac50-36dbd364834b",
    "order": 85,
    "product": 24,
    "variant": 31,
    "cancel_reason": null,
    "quantity": 1,
    "price": "2360.00",
    "status": "pending",
    "coupon_share": "123.84",
    "net_paid_amount": "2236.16",
    "sub_order_id": "sz1085-2",
    "created_at": "2025-12-30T13:00:44.390Z"
  }
},
{
  "model": "orders.orderitem",
  "pk": 116,
  "fields": {
    "uuid": "a4b3164f-0d96-471a-b97e-57d7e511b795",
    "order": 87,
    "product": 22,
    "variant": 27,
    "cancel_reason": null,
    "quantity": 1,
    "price": "1593.00",
    "status": "pending",
    "coupon_share": "0.00",
    "net_paid_amount": "1593.00",
    "sub_order_id": "sz1087-1",
    "created_at": "2025-12-30T15:41:47.395Z"
  }
},
{
  "model": "orders.orderitem",
  "pk": 117,
  "fields": {
    "uuid": "67d80ac4-4d79-46cb-93bf-31b6d2c4d4b0",
    "order": 88,
    "product": 25,
    "variant": 37,
    "cancel_reason": "asda sdsc sdsc",
    "quantity": 1,
    "price": "2360.00",
    "status": "cancelled",
    "coupon_share": "123.84",
    "net_paid_amount": "2236.16",
    "sub_order_id": "sz1088-1",
    "created_at": "2025-12-31T06:03:29.166Z"
  }
},
{
  "model": "orders.orderitem",
  "pk": 118,
  "fields": {
    "uuid": "31442952-df4f-420a-ac0d-ac5a60e1a139",
    "order": 88,
    "product": 24,
    "variant": 35,
    "cancel_reason": null,
    "quantity": 1,
    "price": "1451.40",
    "status": "pending",
    "coupon_share": "76.16",
    "net_paid_amount": "1375.24",
    "sub_order_id": "sz1088-2",
    "created_at": "2025-12-31T06:03:29.190Z"
  }
},
{
  "model": "orders.orderitem",
  "pk": 119,
  "fields": {
    "uuid": "2bb9e68a-097f-4092-8b45-2495e30f3c2b",
    "order": 89,
    "product": 24,
    "variant": 31,
    "cancel_reason": "s sdd  fdsfs",
    "quantity": 1,
    "price": "2076.80",
    "status": "cancelled",
    "coupon_share": "70.97",
    "net_paid_amount": "2005.83",
    "sub_order_id": "sz1089-1",
    "created_at": "2025-12-31T08:47:25.492Z"
  }
},
{
  "model": "orders.orderitem",
  "pk": 120,
  "fields": {
    "uuid": "3cb402a8-dfe0-4bda-b407-d562c44b0289",
    "order": 89,
    "product": 22,
    "variant": 27,
    "cancel_reason": null,
    "quantity": 1,
    "price": "1593.00",
    "status": "returned",
    "coupon_share": "54.44",
    "net_paid_amount": "1538.56",
    "sub_order_id": "sz1089-2",
    "created_at": "2025-12-31T08:47:25.500Z"
  }
},
{
  "model": "orders.orderitem",
  "pk": 121,
  "fields": {
    "uuid": "ed82beaf-307b-407b-9d6c-3ebbcf7a3fc1",
    "order": 89,
    "product": 22,
    "variant": 26,
    "cancel_reason": null,
    "quantity": 1,
    "price": "2183.00",
    "status": "delivered",
    "coupon_share": "74.60",
    "net_paid_amount": "2108.40",
    "sub_order_id": "sz1089-3",
    "created_at": "2025-12-31T08:47:25.506Z"
  }
},
{
  "model": "orders.orderitem",
  "pk": 122,
  "fields": {
    "uuid": "a845cd82-1597-48f3-94bc-1c7bbbd210af",
    "order": 90,
    "product": 22,
    "variant": 27,
    "cancel_reason": null,
    "quantity": 1,
    "price": "1593.00",
    "status": "pending",
    "coupon_share": "0.00",
    "net_paid_amount": "1593.00",
    "sub_order_id": "sz1090-1",
    "created_at": "2025-12-31T08:52:20.147Z"
  }
},
{
  "model": "orders.orderitem",
  "pk": 125,
  "fields": {
    "uuid": "3137bb90-aebc-4b72-afe8-d13c6122714c",
    "order": 93,
    "product": 25,
    "variant": 37,
    "cancel_reason": null,
    "quantity": 1,
    "price": "2076.80",
    "status": "pending",
    "coupon_share": "129.03",
    "net_paid_amount": "1947.77",
    "sub_order_id": "sz1093-1",
    "created_at": "2025-12-31T11:42:54.145Z"
  }
},
{
  "model": "orders.orderitem",
  "pk": 126,
  "fields": {
    "uuid": "f33c348c-3d77-4644-b6fa-4e7d53e17431",
    "order": 93,
    "product": 27,
    "variant": 42,
    "cancel_reason": null,
    "quantity": 1,
    "price": "1142.24",
    "status": "pending",
    "coupon_share": "70.97",
    "net_paid_amount": "1071.27",
    "sub_order_id": "sz1093-2",
    "created_at": "2025-12-31T11:42:54.149Z"
  }
},
{
  "model": "orders.orderitem",
  "pk": 127,
  "fields": {
    "uuid": "79bf1b8d-0344-4473-a948-82ade043f4b7",
    "order": 94,
    "product": 25,
    "variant": 37,
    "cancel_reason": null,
    "quantity": 1,
    "price": "2076.80",
    "status": "delivered",
    "coupon_share": "0.00",
    "net_paid_amount": "2076.80",
    "sub_order_id": "sz1094-1",
    "created_at": "2025-12-31T11:47:46.897Z"
  }
},
{
  "model": "orders.orderitem",
  "pk": 128,
  "fields": {
    "uuid": "c37ac8b7-9f42-42c2-9c72-40ea4ca86fbf",
    "order": 95,
    "product": 25,
    "variant": 37,
    "cancel_reason": null,
    "quantity": 1,
    "price": "2076.80",
    "status": "pending",
    "coupon_share": "0.00",
    "net_paid_amount": "2076.80",
    "sub_order_id": "sz1095-1",
    "created_at": "2026-01-01T08:12:07.178Z"
  }
},
{
  "model": "orders.orderitem",
  "pk": 130,
  "fields": {
    "uuid": "b62c0cf6-aca4-45e4-88d9-a3a3d612375d",
    "order": 97,
    "product": 16,
    "variant": 6,
    "cancel_reason": null,
    "quantity": 1,
    "price": "5000.00",
    "status": "delivered",
    "coupon_share": "0.00",
    "net_paid_amount": "5000.00",
    "sub_order_id": "sz1097-130",
    "created_at": "2026-01-05T11:50:00.601Z"
  }
},
{
  "model": "orders.orderitem",
  "pk": 131,
  "fields": {
    "uuid": "e24abfed-ef85-4fff-81f0-cfe78cc58b16",
    "order": 98,
    "product": 16,
    "variant": 6,
    "cancel_reason": null,
    "quantity": 1,
    "price": "3200.00",
    "status": "delivered",
    "coupon_share": "0.00",
    "net_paid_amount": "3200.00",
    "sub_order_id": "sz1098-131",
    "created_at": "2026-01-05T11:51:08.003Z"
  }
},
{
  "model": "orders.orderitem",
  "pk": 132,
  "fields": {
    "uuid": "96cbbc77-9391-47ff-b929-d60bd7048ea5",
    "order": 99,
    "product": 16,
    "variant": 6,
    "cancel_reason": null,
    "quantity": 1,
    "price": "5800.00",
    "status": "delivered",
    "coupon_share": "0.00",
    "net_paid_amount": "5800.00",
    "sub_order_id": "sz1099-132",
    "created_at": "2026-01-05T11:51:08.010Z"
  }
},
{
  "model": "orders.orderitem",
  "pk": 133,
  "fields": {
    "uuid": "d7b9d917-202c-432b-ad7a-b9cba9db3f96",
    "order": 100,
    "product": 16,
    "variant": 6,
    "cancel_reason": null,
    "quantity": 1,
    "price": "9100.00",
    "status": "delivered",
    "coupon_share": "0.00",
    "net_paid_amount": "9100.00",
    "sub_order_id": "sz1100-133",
    "created_at": "2026-01-05T11:51:08.017Z"
  }
},
{
  "model": "orders.orderitem",
  "pk": 134,
  "fields": {
    "uuid": "531b1936-1dba-45aa-8f7d-537ca3820b45",
    "order": 101,
    "product": 16,
    "variant": 6,
    "cancel_reason": null,
    "quantity": 1,
    "price": "4300.00",
    "status": "delivered",
    "coupon_share": "0.00",
    "net_paid_amount": "4300.00",
    "sub_order_id": "sz1101-134",
    "created_at": "2026-01-05T11:51:08.025Z"
  }
},
{
  "model": "orders.orderitem",
  "pk": 135,
  "fields": {
    "uuid": "fa0b2307-9df7-41c2-ac28-d6ac59b43bbf",
    "order": 102,
    "product": 16,
    "variant": 6,
    "cancel_reason": null,
    "quantity": 1,
    "price": "7600.00",
    "status": "delivered",
    "coupon_share": "0.00",
    "net_paid_amount": "7600.00",
    "sub_order_id": "sz1102-135",
    "created_at": "2026-01-05T11:51:08.033Z"
  }
},
{
  "model": "orders.orderitem",
  "pk": 136,
  "fields": {
    "uuid": "ea5eaca9-6233-4c97-850f-b9c75ff98d39",
    "order": 103,
    "product": 16,
    "variant": 6,
    "cancel_reason": null,
    "quantity": 1,
    "price": "8800.00",
    "status": "delivered",
    "coupon_share": "0.00",
    "net_paid_amount": "8800.00",
    "sub_order_id": "sz1103-136",
    "created_at": "2026-01-05T11:51:08.040Z"
  }
},
{
  "model": "orders.orderitem",
  "pk": 137,
  "fields": {
    "uuid": "24dbf33c-2529-49ea-a8aa-137d2cc75c3f",
    "order": 104,
    "product": 21,
    "variant": 24,
    "cancel_reason": "rfhfg ghgf ghjgf",
    "quantity": 5,
    "price": "10915.00",
    "status": "cancelled",
    "coupon_share": "200.00",
    "net_paid_amount": "54375.00",
    "sub_order_id": "sz1104-1",
    "created_at": "2026-01-05T13:39:19.932Z"
  }
},
{
  "model": "orders.orderitem",
  "pk": 138,
  "fields": {
    "uuid": "60c56516-2940-4b43-83fe-856232531e72",
    "order": 105,
    "product": 25,
    "variant": 37,
    "cancel_reason": "ret tryhert  4rtyh",
    "quantity": 5,
    "price": "11800.00",
    "status": "cancelled",
    "coupon_share": "0.00",
    "net_paid_amount": "59000.00",
    "sub_order_id": "sz1105-1",
    "created_at": "2026-01-05T13:41:37.089Z"
  }
},
{
  "model": "orders.orderitem",
  "pk": 139,
  "fields": {
    "uuid": "9bd3105a-84e7-4dc9-9792-6870aa7f7123",
    "order": 106,
    "product": 24,
    "variant": 35,
    "cancel_reason": "rfdgrf t hrt rtfh r",
    "quantity": 2,
    "price": "2902.80",
    "status": "cancelled",
    "coupon_share": "200.00",
    "net_paid_amount": "5605.60",
    "sub_order_id": "sz1106-1",
    "created_at": "2026-01-05T14:02:07.984Z"
  }
},
{
  "model": "orders.orderitem",
  "pk": 140,
  "fields": {
    "uuid": "2fed3edd-653a-4037-a10c-2952e8e9113f",
    "order": 107,
    "product": 21,
    "variant": 23,
    "cancel_reason": "dfgfd drfgde dgfdf",
    "quantity": 3,
    "price": "1350.00",
    "status": "cancelled",
    "coupon_share": "169.49",
    "net_paid_amount": "3880.51",
    "sub_order_id": "sz1107-1",
    "created_at": "2026-01-05T14:08:17.391Z"
  }
},
{
  "model": "orders.orderitem",
  "pk": 143,
  "fields": {
    "uuid": "6bc12730-1968-4f68-8f51-f3dac449f4be",
    "order": 110,
    "product": 24,
    "variant": 36,
    "cancel_reason": "sdfds sdefdes dfg",
    "quantity": 1,
    "price": "1800.00",
    "status": "cancelled",
    "coupon_share": "0.00",
    "net_paid_amount": "1800.00",
    "sub_order_id": "sz1110-1",
    "created_at": "2026-01-05T14:22:15.828Z"
  }
},
{
  "model": "orders.orderitem",
  "pk": 144,
  "fields": {
    "uuid": "5f9d6a8c-321e-4277-a0eb-884724895e79",
    "order": 111,
    "product": 25,
    "variant": 37,
    "cancel_reason": "dsfsda dfds dxcgdre",
    "quantity": 5,
    "price": "11800.00",
    "status": "cancelled",
    "coupon_share": "0.00",
    "net_paid_amount": "59000.00",
    "sub_order_id": "sz1111-1",
    "created_at": "2026-01-05T14:23:24.620Z"
  }
},
{
  "model": "orders.orderitem",
  "pk": 145,
  "fields": {
    "uuid": "c0ad1e15-b402-4f5f-81eb-5b3ab50be632",
    "order": 112,
    "product": 21,
    "variant": 23,
    "cancel_reason": "gfdsg fdgfd ftghdrf",
    "quantity": 2,
    "price": "3186.00",
    "status": "cancelled",
    "coupon_share": "200.00",
    "net_paid_amount": "2986.00",
    "sub_order_id": "sz1112-1",
    "created_at": "2026-01-05T14:28:42.990Z"
  }
},
{
  "model": "orders.orderitem",
  "pk": 146,
  "fields": {
    "uuid": "0ccf9b40-d130-4846-91cc-afed5f7bb214",
    "order": 113,
    "product": 20,
    "variant": 22,
    "cancel_reason": "sads sdefs szdfsa",
    "quantity": 2,
    "price": "1840.80",
    "status": "cancelled",
    "coupon_share": "69.96",
    "net_paid_amount": "1770.84",
    "sub_order_id": "sz1113-1",
    "created_at": "2026-01-05T14:31:04.060Z"
  }
},
{
  "model": "orders.orderitem",
  "pk": 147,
  "fields": {
    "uuid": "43a2fd03-df98-4e9c-99b9-9066d0f5ccf4",
    "order": 113,
    "product": 20,
    "variant": 21,
    "cancel_reason": null,
    "quantity": 2,
    "price": "3422.00",
    "status": "returned",
    "coupon_share": "130.04",
    "net_paid_amount": "3291.96",
    "sub_order_id": "sz1113-2",
    "created_at": "2026-01-05T14:31:04.064Z"
  }
},
{
  "model": "orders.orderitem",
  "pk": 148,
  "fields": {
    "uuid": "70047c26-1ccf-4953-8f2e-4ad034925599",
    "order": 114,
    "product": 25,
    "variant": 37,
    "cancel_reason": "sada sdcs sdcfs",
    "quantity": 1,
    "price": "2360.00",
    "status": "cancelled",
    "coupon_share": "200.00",
    "net_paid_amount": "2160.00",
    "sub_order_id": "sz1114-1",
    "created_at": "2026-01-06T04:07:40.820Z"
  }
},
{
  "model": "orders.orderitem",
  "pk": 149,
  "fields": {
    "uuid": "04af55fc-bec9-48de-b05c-8712695562a1",
    "order": 115,
    "product": 25,
    "variant": 38,
    "cancel_reason": "asda sdffs sdfs",
    "quantity": 1,
    "price": "3068.00",
    "status": "cancelled",
    "coupon_share": "78.79",
    "net_paid_amount": "2989.21",
    "sub_order_id": "sz1115-1",
    "created_at": "2026-01-06T04:08:56.167Z"
  }
},
{
  "model": "orders.orderitem",
  "pk": 150,
  "fields": {
    "uuid": "843490c8-45ed-4536-94ca-19b90e4c61f5",
    "order": 115,
    "product": 25,
    "variant": 37,
    "cancel_reason": "ergg drftygrt fcvh",
    "quantity": 2,
    "price": "4720.00",
    "status": "cancelled",
    "coupon_share": "121.21",
    "net_paid_amount": "4598.79",
    "sub_order_id": "sz1115-2",
    "created_at": "2026-01-06T04:08:56.171Z"
  }
},
{
  "model": "orders.orderitem",
  "pk": 151,
  "fields": {
    "uuid": "3f4bd622-1999-42f3-9a54-61e09e4c4537",
    "order": 116,
    "product": 15,
    "variant": 8,
    "cancel_reason": null,
    "quantity": 1,
    "price": "3420.82",
    "status": "pending",
    "coupon_share": "86.55",
    "net_paid_amount": "3334.27",
    "sub_order_id": "sz1116-1",
    "created_at": "2026-01-06T04:26:29.325Z"
  }
},
{
  "model": "orders.orderitem",
  "pk": 152,
  "fields": {
    "uuid": "2911b27f-2703-4f7c-a9e6-cd4f0314d630",
    "order": 116,
    "product": 15,
    "variant": 9,
    "cancel_reason": null,
    "quantity": 1,
    "price": "4484.00",
    "status": "returned",
    "coupon_share": "113.45",
    "net_paid_amount": "4370.55",
    "sub_order_id": "sz1116-2",
    "created_at": "2026-01-06T04:26:29.331Z"
  }
},
{
  "model": "orders.orderitem",
  "pk": 153,
  "fields": {
    "uuid": "53b0bb9a-8682-46e8-8a32-067bce90ed56",
    "order": 117,
    "product": 25,
    "variant": 37,
    "cancel_reason": "axzdcs sdfcvds dxdfcvds",
    "quantity": 1,
    "price": "2360.00",
    "status": "cancelled",
    "coupon_share": "86.96",
    "net_paid_amount": "2273.04",
    "sub_order_id": "sz1117-1",
    "created_at": "2026-01-06T04:48:26.886Z"
  }
},
{
  "model": "orders.orderitem",
  "pk": 154,
  "fields": {
    "uuid": "a786ef3f-d75c-4f2e-b4ab-8fa60f2ba08a",
    "order": 117,
    "product": 25,
    "variant": 38,
    "cancel_reason": "erv df drf",
    "quantity": 1,
    "price": "3068.00",
    "status": "cancelled",
    "coupon_share": "113.04",
    "net_paid_amount": "2954.96",
    "sub_order_id": "sz1117-2",
    "created_at": "2026-01-06T04:48:26.892Z"
  }
},
{
  "model": "orders.orderitem",
  "pk": 155,
  "fields": {
    "uuid": "e4d3aa8c-7456-46e3-aa49-167c28f506cf",
    "order": 118,
    "product": 25,
    "variant": 37,
    "cancel_reason": null,
    "quantity": 1,
    "price": "2360.00",
    "status": "delivered",
    "coupon_share": "0.00",
    "net_paid_amount": "2360.00",
    "sub_order_id": "sz1118-1",
    "created_at": "2026-01-06T04:49:23.033Z"
  }
},
{
  "model": "orders.orderitem",
  "pk": 156,
  "fields": {
    "uuid": "1a3d8824-324d-4389-bfa1-3af21914c09a",
    "order": 118,
    "product": 25,
    "variant": 38,
    "cancel_reason": "asd dfsd dxzfsd",
    "quantity": 1,
    "price": "3068.00",
    "status": "cancelled",
    "coupon_share": "0.00",
    "net_paid_amount": "3068.00",
    "sub_order_id": "sz1118-2",
    "created_at": "2026-01-06T04:49:23.038Z"
  }
},
{
  "model": "orders.orderitem",
  "pk": 157,
  "fields": {
    "uuid": "961768c5-706e-4445-93e3-e43faba3fd36",
    "order": 119,
    "product": 25,
    "variant": 37,
    "cancel_reason": null,
    "quantity": 2,
    "price": "4720.00",
    "status": "pending",
    "coupon_share": "0.00",
    "net_paid_amount": "4720.00",
    "sub_order_id": "sz1119-1",
    "created_at": "2026-01-06T12:12:49.570Z"
  }
},
{
  "model": "orders.orderitem",
  "pk": 158,
  "fields": {
    "uuid": "bd1dfe2b-2e8a-4de2-9049-25755e8da351",
    "order": 119,
    "product": 21,
    "variant": 23,
    "cancel_reason": null,
    "quantity": 1,
    "price": "1593.00",
    "status": "pending",
    "coupon_share": "0.00",
    "net_paid_amount": "1593.00",
    "sub_order_id": "sz1119-2",
    "created_at": "2026-01-06T12:12:49.578Z"
  }
},
{
  "model": "orders.orderitem",
  "pk": 163,
  "fields": {
    "uuid": "05117035-a998-47e0-8b85-6cbf80d2b3b0",
    "order": 122,
    "product": 25,
    "variant": 37,
    "cancel_reason": null,
    "quantity": 5,
    "price": "11800.00",
    "status": "pending",
    "coupon_share": "0.00",
    "net_paid_amount": "11800.00",
    "sub_order_id": "sz1122-1",
    "created_at": "2026-01-07T09:38:19.101Z"
  }
},
{
  "model": "orders.orderitem",
  "pk": 164,
  "fields": {
    "uuid": "93aa613f-5754-4e89-8a32-e8254a7673a5",
    "order": 123,
    "product": 26,
    "variant": 39,
    "cancel_reason": null,
    "quantity": 3,
    "price": "4368.36",
    "status": "delivered",
    "coupon_share": "0.00",
    "net_paid_amount": "4368.36",
    "sub_order_id": "sz1123-1",
    "created_at": "2026-01-07T09:40:17.506Z"
  }
},
{
  "model": "orders.orderitem",
  "pk": 165,
  "fields": {
    "uuid": "d5bbfbdf-96cd-41b3-8ba0-40ecac8a40ac",
    "order": 124,
    "product": 26,
    "variant": 39,
    "cancel_reason": null,
    "quantity": 2,
    "price": "2912.24",
    "status": "pending",
    "coupon_share": "296.16",
    "net_paid_amount": "2616.08",
    "sub_order_id": "sz1124-1",
    "created_at": "2026-01-07T16:40:24.043Z"
  }
},
{
  "model": "orders.orderitem",
  "pk": 166,
  "fields": {
    "uuid": "4e3b7054-646e-4f33-bfa0-a88d0fbc6e04",
    "order": 125,
    "product": 20,
    "variant": 22,
    "cancel_reason": null,
    "quantity": 3,
    "price": "2761.20",
    "status": "pending",
    "coupon_share": "280.80",
    "net_paid_amount": "2480.40",
    "sub_order_id": "sz1125-1",
    "created_at": "2026-01-07T23:07:35.594Z"
  }
},
{
  "model": "orders.orderitem",
  "pk": 167,
  "fields": {
    "uuid": "0a874186-37bf-4046-ba54-597312851923",
    "order": 126,
    "product": 20,
    "variant": 20,
    "cancel_reason": null,
    "quantity": 2,
    "price": "4602.00",
    "status": "returned",
    "coupon_share": "300.00",
    "net_paid_amount": "4302.00",
    "sub_order_id": "sz1126-1",
    "created_at": "2026-01-07T23:09:48.461Z"
  }
},
{
  "model": "orders.orderitem",
  "pk": 168,
  "fields": {
    "uuid": "819c6eba-72eb-4748-b7de-7e707894a18b",
    "order": 127,
    "product": 25,
    "variant": 37,
    "cancel_reason": null,
    "quantity": 1,
    "price": "2360.00",
    "status": "returned",
    "coupon_share": "100.84",
    "net_paid_amount": "2259.16",
    "sub_order_id": "sz1127-1",
    "created_at": "2026-01-08T03:47:19.175Z"
  }
},
{
  "model": "orders.orderitem",
  "pk": 169,
  "fields": {
    "uuid": "60cc2bca-3880-40c7-a636-abbba7b44d2c",
    "order": 127,
    "product": 25,
    "variant": 38,
    "cancel_reason": null,
    "quantity": 1,
    "price": "3068.00",
    "status": "delivered",
    "coupon_share": "131.09",
    "net_paid_amount": "2936.91",
    "sub_order_id": "sz1127-2",
    "created_at": "2026-01-08T03:47:19.209Z"
  }
},
{
  "model": "orders.orderitem",
  "pk": 170,
  "fields": {
    "uuid": "475d0140-99f1-4fc4-9095-fbfbaa581b64",
    "order": 127,
    "product": 21,
    "variant": 23,
    "cancel_reason": "the item not good",
    "quantity": 1,
    "price": "1593.00",
    "status": "cancelled",
    "coupon_share": "68.07",
    "net_paid_amount": "1524.93",
    "sub_order_id": "sz1127-3",
    "created_at": "2026-01-08T03:47:19.233Z"
  }
},
{
  "model": "orders.orderitem",
  "pk": 171,
  "fields": {
    "uuid": "c7041f2c-8ab7-4905-823b-a4c10d00d849",
    "order": 128,
    "product": 25,
    "variant": 37,
    "cancel_reason": null,
    "quantity": 1,
    "price": "2360.00",
    "status": "pending",
    "coupon_share": "0.00",
    "net_paid_amount": "2360.00",
    "sub_order_id": "sz1128-1",
    "created_at": "2026-01-08T03:53:31.744Z"
  }
},
{
  "model": "orders.orderitem",
  "pk": 172,
  "fields": {
    "uuid": "085bfe4f-931c-4e39-8e55-8d0e1f64bc0e",
    "order": 129,
    "product": 25,
    "variant": 37,
    "cancel_reason": null,
    "quantity": 2,
    "price": "4720.00",
    "status": "pending",
    "coupon_share": "0.00",
    "net_paid_amount": "4720.00",
    "sub_order_id": "sz1129-1",
    "created_at": "2026-01-08T04:12:21.012Z"
  }
},
{
  "model": "orders.orderitem",
  "pk": 173,
  "fields": {
    "uuid": "771c5834-c262-483d-8c47-d2521662d0d2",
    "order": 130,
    "product": 25,
    "variant": 37,
    "cancel_reason": null,
    "quantity": 2,
    "price": "4000.00",
    "status": "pending",
    "coupon_share": "0.00",
    "net_paid_amount": "4000.00",
    "sub_order_id": "sz1130-1",
    "created_at": "2026-01-10T13:17:39.922Z"
  }
},
{
  "model": "orders.orderitem",
  "pk": 174,
  "fields": {
    "uuid": "cbfee079-9eb6-4541-9b3a-bfb3d0eefbf2",
    "order": 130,
    "product": 23,
    "variant": 29,
    "cancel_reason": null,
    "quantity": 1,
    "price": "1593.00",
    "status": "pending",
    "coupon_share": "0.00",
    "net_paid_amount": "1593.00",
    "sub_order_id": "sz1130-2",
    "created_at": "2026-01-10T13:17:39.940Z"
  }
},
{
  "model": "orders.orderitem",
  "pk": 175,
  "fields": {
    "uuid": "30969277-d85b-4d56-a3ff-a9d7b6927f78",
    "order": 130,
    "product": 22,
    "variant": 27,
    "cancel_reason": null,
    "quantity": 1,
    "price": "1593.00",
    "status": "delivered",
    "coupon_share": "0.00",
    "net_paid_amount": "1593.00",
    "sub_order_id": "sz1130-3",
    "created_at": "2026-01-10T13:17:39.953Z"
  }
},
{
  "model": "orders.orderitem",
  "pk": 176,
  "fields": {
    "uuid": "7bf6fa09-06f1-4542-aa7c-4023931ae587",
    "order": 131,
    "product": 27,
    "variant": 41,
    "cancel_reason": null,
    "quantity": 2,
    "price": "28320.00",
    "status": "delivered",
    "coupon_share": "0.00",
    "net_paid_amount": "28320.00",
    "sub_order_id": "sz1131-1",
    "created_at": "2026-01-12T04:17:35.738Z"
  }
},
{
  "model": "orders.orderitem",
  "pk": 177,
  "fields": {
    "uuid": "dd2e6b37-8460-4cb6-82d5-cb262c5d5c79",
    "order": 132,
    "product": 23,
    "variant": 30,
    "cancel_reason": null,
    "quantity": 1,
    "price": "849.60",
    "status": "returned",
    "coupon_share": "0.00",
    "net_paid_amount": "849.60",
    "sub_order_id": "sz1132-1",
    "created_at": "2026-01-12T05:20:45.355Z"
  }
},
{
  "model": "orders.orderitem",
  "pk": 178,
  "fields": {
    "uuid": "375d6dee-b5c4-4d36-9a8e-d4ac2994b9f6",
    "order": 132,
    "product": 27,
    "variant": 41,
    "cancel_reason": null,
    "quantity": 1,
    "price": "14160.00",
    "status": "returned",
    "coupon_share": "0.00",
    "net_paid_amount": "14160.00",
    "sub_order_id": "sz1132-2",
    "created_at": "2026-01-12T05:20:45.358Z"
  }
},
{
  "model": "orders.orderitem",
  "pk": 179,
  "fields": {
    "uuid": "3211ebab-a950-4b52-9955-76a4954ea6e7",
    "order": 132,
    "product": 25,
    "variant": 37,
    "cancel_reason": null,
    "quantity": 1,
    "price": "2360.00",
    "status": "delivered",
    "coupon_share": "0.00",
    "net_paid_amount": "2360.00",
    "sub_order_id": "sz1132-3",
    "created_at": "2026-01-12T05:20:45.361Z"
  }
},
{
  "model": "orders.orderitem",
  "pk": 180,
  "fields": {
    "uuid": "f11d6336-f002-4c20-bf49-cfcfd7b333f9",
    "order": 133,
    "product": 25,
    "variant": 37,
    "cancel_reason": null,
    "quantity": 2,
    "price": "4000.00",
    "status": "pending",
    "coupon_share": "0.00",
    "net_paid_amount": "4000.00",
    "sub_order_id": "sz1133-1",
    "created_at": "2026-01-12T09:56:22.592Z"
  }
},
{
  "model": "orders.orderitem",
  "pk": 181,
  "fields": {
    "uuid": "f58756e4-535c-4ed6-867b-dc425200ae26",
    "order": 134,
    "product": 27,
    "variant": 41,
    "cancel_reason": null,
    "quantity": 1,
    "price": "14160.00",
    "status": "pending",
    "coupon_share": "0.00",
    "net_paid_amount": "14160.00",
    "sub_order_id": "sz1134-1",
    "created_at": "2026-01-12T11:21:05.399Z"
  }
},
{
  "model": "orders.orderitem",
  "pk": 182,
  "fields": {
    "uuid": "b6b5ae84-18a5-4c86-b7bd-fdd5ab53a483",
    "order": 135,
    "product": 27,
    "variant": 41,
    "cancel_reason": null,
    "quantity": 1,
    "price": "14160.00",
    "status": "pending",
    "coupon_share": "0.00",
    "net_paid_amount": "14160.00",
    "sub_order_id": "sz1135-1",
    "created_at": "2026-01-12T11:31:12.328Z"
  }
},
{
  "model": "orders.orderitem",
  "pk": 183,
  "fields": {
    "uuid": "e9a65012-c92d-4d14-8b01-5fdbb9dcfafb",
    "order": 136,
    "product": 27,
    "variant": 41,
    "cancel_reason": null,
    "quantity": 1,
    "price": "14160.00",
    "status": "pending",
    "coupon_share": "0.00",
    "net_paid_amount": "14160.00",
    "sub_order_id": "sz1136-1",
    "created_at": "2026-01-12T11:36:40.127Z"
  }
},
{
  "model": "orders.orderitem",
  "pk": 184,
  "fields": {
    "uuid": "f7da121f-ea7d-451a-adf3-641f90ad0442",
    "order": 137,
    "product": 23,
    "variant": 30,
    "cancel_reason": "ewrd sedfs sdfs",
    "quantity": 1,
    "price": "849.60",
    "status": "cancelled",
    "coupon_share": "0.00",
    "net_paid_amount": "849.60",
    "sub_order_id": "sz1137-1",
    "created_at": "2026-01-12T11:52:25.482Z"
  }
},
{
  "model": "orders.orderitem",
  "pk": 185,
  "fields": {
    "uuid": "fbde6928-b3f8-4382-b1d9-cb125a7ef958",
    "order": 137,
    "product": 23,
    "variant": 29,
    "cancel_reason": null,
    "quantity": 1,
    "price": "1593.00",
    "status": "return_requested",
    "coupon_share": "0.00",
    "net_paid_amount": "1593.00",
    "sub_order_id": "sz1137-2",
    "created_at": "2026-01-12T11:52:25.486Z"
  }
},
{
  "model": "orders.orderitem",
  "pk": 186,
  "fields": {
    "uuid": "d8551e68-ff98-4140-baa2-caaadbebd17b",
    "order": 138,
    "product": 27,
    "variant": 41,
    "cancel_reason": null,
    "quantity": 2,
    "price": "28320.00",
    "status": "returned",
    "coupon_share": "0.00",
    "net_paid_amount": "28320.00",
    "sub_order_id": "sz1138-1",
    "created_at": "2026-01-13T12:05:36.184Z"
  }
},
{
  "model": "orders.orderitem",
  "pk": 187,
  "fields": {
    "uuid": "dc780a9e-32d1-4846-ad3d-07b8998c2d1c",
    "order": 139,
    "product": 20,
    "variant": 21,
    "cancel_reason": "sqad asdsa asdsad",
    "quantity": 1,
    "price": "1711.00",
    "status": "cancelled",
    "coupon_share": "0.00",
    "net_paid_amount": "1711.00",
    "sub_order_id": "sz1139-1",
    "created_at": "2026-01-13T13:36:45.963Z"
  }
},
{
  "model": "orders.orderitem",
  "pk": 188,
  "fields": {
    "uuid": "c972201d-4432-4eff-a619-bbf1a0b43a99",
    "order": 139,
    "product": 22,
    "variant": 27,
    "cancel_reason": null,
    "quantity": 1,
    "price": "1350.00",
    "status": "pending",
    "coupon_share": "0.00",
    "net_paid_amount": "1350.00",
    "sub_order_id": "sz1139-2",
    "created_at": "2026-01-13T13:36:45.966Z"
  }
},
{
  "model": "orders.orderitem",
  "pk": 189,
  "fields": {
    "uuid": "a8f8c685-6856-4304-b523-8f26a2caf3e6",
    "order": 140,
    "product": 22,
    "variant": 26,
    "cancel_reason": "not liked",
    "quantity": 5,
    "price": "10915.00",
    "status": "cancelled",
    "coupon_share": "0.00",
    "net_paid_amount": "10915.00",
    "sub_order_id": "sz1140-1",
    "created_at": "2026-01-14T06:33:21.214Z"
  }
},
{
  "model": "orders.orderitem",
  "pk": 190,
  "fields": {
    "uuid": "3d7c75e4-a41e-4b9c-b1b8-fc7170cfd8b4",
    "order": 140,
    "product": 22,
    "variant": 27,
    "cancel_reason": null,
    "quantity": 5,
    "price": "7965.00",
    "status": "returned",
    "coupon_share": "0.00",
    "net_paid_amount": "7965.00",
    "sub_order_id": "sz1140-2",
    "created_at": "2026-01-14T06:33:21.238Z"
  }
},
{
  "model": "orders.orderitem",
  "pk": 191,
  "fields": {
    "uuid": "1180f96a-33ec-454c-8e6f-ee4057c98d0a",
    "order": 141,
    "product": 23,
    "variant": 28,
    "cancel_reason": "b hnm hvg bhvcg",
    "quantity": 3,
    "price": "5133.00",
    "status": "cancelled",
    "coupon_share": "0.00",
    "net_paid_amount": "5133.00",
    "sub_order_id": "sz1141-1",
    "created_at": "2026-01-14T06:39:39.788Z"
  }
},
{
  "model": "orders.orderitem",
  "pk": 192,
  "fields": {
    "uuid": "47c5cce2-2678-4400-9fc9-da34e6d8ded7",
    "order": 141,
    "product": 27,
    "variant": 41,
    "cancel_reason": null,
    "quantity": 3,
    "price": "42480.00",
    "status": "pending",
    "coupon_share": "0.00",
    "net_paid_amount": "42480.00",
    "sub_order_id": "sz1141-2",
    "created_at": "2026-01-14T06:39:39.792Z"
  }
},
{
  "model": "orders.orderitem",
  "pk": 193,
  "fields": {
    "uuid": "9efcd6de-4a92-43f8-80a1-02170e1e2216",
    "order": 142,
    "product": 25,
    "variant": 37,
    "cancel_reason": null,
    "quantity": 1,
    "price": "2360.00",
    "status": "delivered",
    "coupon_share": "0.00",
    "net_paid_amount": "2360.00",
    "sub_order_id": "sz1142-1",
    "created_at": "2026-01-14T06:42:11.580Z"
  }
},
{
  "model": "orders.orderitem",
  "pk": 194,
  "fields": {
    "uuid": "f1efb0f5-baef-4ae3-8ed1-dfed0a07e0ee",
    "order": 142,
    "product": 25,
    "variant": 38,
    "cancel_reason": null,
    "quantity": 1,
    "price": "3068.00",
    "status": "returned",
    "coupon_share": "0.00",
    "net_paid_amount": "3068.00",
    "sub_order_id": "sz1142-2",
    "created_at": "2026-01-14T06:42:11.583Z"
  }
},
{
  "model": "orders.orderitem",
  "pk": 195,
  "fields": {
    "uuid": "63fcf43f-0ca1-495c-8005-4d3d8be0bb8b",
    "order": 143,
    "product": 25,
    "variant": 37,
    "cancel_reason": null,
    "quantity": 1,
    "price": "2360.00",
    "status": "pending",
    "coupon_share": "0.00",
    "net_paid_amount": "2360.00",
    "sub_order_id": "sz1143-1",
    "created_at": "2026-01-14T06:50:50.930Z"
  }
},
{
  "model": "orders.orderitem",
  "pk": 196,
  "fields": {
    "uuid": "e9ae0917-173b-493f-b09b-7beab0f946b1",
    "order": 143,
    "product": 25,
    "variant": 38,
    "cancel_reason": "sad sdsc",
    "quantity": 1,
    "price": "3068.00",
    "status": "cancelled",
    "coupon_share": "0.00",
    "net_paid_amount": "3068.00",
    "sub_order_id": "sz1143-2",
    "created_at": "2026-01-14T06:50:50.935Z"
  }
},
{
  "model": "orders.orderitem",
  "pk": 197,
  "fields": {
    "uuid": "23456163-1bea-4df1-8ce0-74bedea2f954",
    "order": 144,
    "product": 25,
    "variant": 37,
    "cancel_reason": null,
    "quantity": 3,
    "price": "7080.00",
    "status": "pending",
    "coupon_share": "0.00",
    "net_paid_amount": "7080.00",
    "sub_order_id": "sz1144-1",
    "created_at": "2026-01-14T06:52:49.958Z"
  }
},
{
  "model": "orders.orderitem",
  "pk": 198,
  "fields": {
    "uuid": "b56b390f-41fd-44a7-9746-a06b86e308f3",
    "order": 144,
    "product": 25,
    "variant": 38,
    "cancel_reason": "weqc saased sedf",
    "quantity": 3,
    "price": "9204.00",
    "status": "cancelled",
    "coupon_share": "0.00",
    "net_paid_amount": "9204.00",
    "sub_order_id": "sz1144-2",
    "created_at": "2026-01-14T06:52:49.961Z"
  }
},
{
  "model": "orders.orderitem",
  "pk": 199,
  "fields": {
    "uuid": "73002e8d-9091-4060-bf67-f3038f4b31c1",
    "order": 144,
    "product": 23,
    "variant": 30,
    "cancel_reason": null,
    "quantity": 5,
    "price": "4248.00",
    "status": "pending",
    "coupon_share": "0.00",
    "net_paid_amount": "4248.00",
    "sub_order_id": "sz1144-3",
    "created_at": "2026-01-14T06:52:49.964Z"
  }
},
{
  "model": "orders.orderitem",
  "pk": 200,
  "fields": {
    "uuid": "78e58241-c15a-4483-a7b6-85b3035d6bb2",
    "order": 145,
    "product": 25,
    "variant": 37,
    "cancel_reason": "zcdsd sfs sfcs",
    "quantity": 5,
    "price": "11800.00",
    "status": "cancelled",
    "coupon_share": "122.55",
    "net_paid_amount": "11677.45",
    "sub_order_id": "sz1145-1",
    "created_at": "2026-01-14T07:02:45.683Z"
  }
},
{
  "model": "orders.orderitem",
  "pk": 201,
  "fields": {
    "uuid": "aa87f372-d124-42b0-a6f7-14635e47c07f",
    "order": 145,
    "product": 25,
    "variant": 38,
    "cancel_reason": null,
    "quantity": 4,
    "price": "12272.00",
    "status": "pending",
    "coupon_share": "127.45",
    "net_paid_amount": "12144.55",
    "sub_order_id": "sz1145-2",
    "created_at": "2026-01-14T07:02:45.687Z"
  }
},
{
  "model": "orders.orderitem",
  "pk": 202,
  "fields": {
    "uuid": "3ea63868-74cc-48a8-a83c-17784b3ec951",
    "order": 146,
    "product": 25,
    "variant": 37,
    "cancel_reason": null,
    "quantity": 4,
    "price": "9440.00",
    "status": "pending",
    "coupon_share": "126.58",
    "net_paid_amount": "9313.42",
    "sub_order_id": "sz1146-1",
    "created_at": "2026-01-14T07:09:48.934Z"
  }
},
{
  "model": "orders.orderitem",
  "pk": 203,
  "fields": {
    "uuid": "815c1619-64ed-4ac1-abec-69237ee89ee1",
    "order": 146,
    "product": 25,
    "variant": 38,
    "cancel_reason": null,
    "quantity": 3,
    "price": "9204.00",
    "status": "returned",
    "coupon_share": "123.42",
    "net_paid_amount": "9080.58",
    "sub_order_id": "sz1146-2",
    "created_at": "2026-01-14T07:09:48.939Z"
  }
},
{
  "model": "orders.orderitem",
  "pk": 204,
  "fields": {
    "uuid": "2146dc22-ceca-434d-baf6-964718e6cc90",
    "order": 147,
    "product": 25,
    "variant": 37,
    "cancel_reason": "fdsfv df dfgvds",
    "quantity": 5,
    "price": "11800.00",
    "status": "cancelled",
    "coupon_share": "147.06",
    "net_paid_amount": "11652.94",
    "sub_order_id": "sz1147-1",
    "created_at": "2026-01-14T07:15:55.084Z"
  }
},
{
  "model": "orders.orderitem",
  "pk": 205,
  "fields": {
    "uuid": "cbc25cca-3e51-4a0f-9868-3cf508cfda1d",
    "order": 147,
    "product": 25,
    "variant": 38,
    "cancel_reason": null,
    "quantity": 4,
    "price": "12272.00",
    "status": "pending",
    "coupon_share": "152.94",
    "net_paid_amount": "12119.06",
    "sub_order_id": "sz1147-2",
    "created_at": "2026-01-14T07:15:55.087Z"
  }
},
{
  "model": "orders.orderitem",
  "pk": 206,
  "fields": {
    "uuid": "5dc634d7-d744-4548-a190-991ad174a807",
    "order": 148,
    "product": 25,
    "variant": 38,
    "cancel_reason": null,
    "quantity": 4,
    "price": "12272.00",
    "status": "pending",
    "coupon_share": "190.24",
    "net_paid_amount": "12081.76",
    "sub_order_id": "sz1148-1",
    "created_at": "2026-01-14T07:17:48.682Z"
  }
},
{
  "model": "orders.orderitem",
  "pk": 207,
  "fields": {
    "uuid": "c990165b-aefd-421f-9773-86660a6e0148",
    "order": 148,
    "product": 25,
    "variant": 37,
    "cancel_reason": null,
    "quantity": 3,
    "price": "7080.00",
    "status": "returned",
    "coupon_share": "109.76",
    "net_paid_amount": "6970.24",
    "sub_order_id": "sz1148-2",
    "created_at": "2026-01-14T07:17:48.686Z"
  }
},
{
  "model": "orders.orderitem",
  "pk": 208,
  "fields": {
    "uuid": "4086d572-e915-434e-9a10-65657454d65e",
    "order": 149,
    "product": 24,
    "variant": 35,
    "cancel_reason": null,
    "quantity": 1,
    "price": "1451.40",
    "status": "delivered",
    "coupon_share": "0.00",
    "net_paid_amount": "1451.40",
    "sub_order_id": "sz1149-1",
    "created_at": "2026-01-14T09:09:05.345Z"
  }
},
{
  "model": "orders.orderitem",
  "pk": 209,
  "fields": {
    "uuid": "6a93322c-e819-4d38-bac9-bef65250b01b",
    "order": 150,
    "product": 23,
    "variant": 30,
    "cancel_reason": "becasue4 I wanted to",
    "quantity": 1,
    "price": "849.60",
    "status": "cancelled",
    "coupon_share": "0.00",
    "net_paid_amount": "849.60",
    "sub_order_id": "sz1150-1",
    "created_at": "2026-01-14T09:29:02.406Z"
  }
},
{
  "model": "orders.orderitem",
  "pk": 210,
  "fields": {
    "uuid": "5e0acfda-f1b6-4abd-b99b-ad259bee920e",
    "order": 151,
    "product": 24,
    "variant": 35,
    "cancel_reason": "sd",
    "quantity": 1,
    "price": "1451.40",
    "status": "cancelled",
    "coupon_share": "38.08",
    "net_paid_amount": "1413.32",
    "sub_order_id": "sz1151-1",
    "created_at": "2026-01-15T05:26:22.874Z"
  }
},
{
  "model": "orders.orderitem",
  "pk": 211,
  "fields": {
    "uuid": "dd8e9c58-7ed3-41f3-8f0c-1d8e7952a02d",
    "order": 151,
    "product": 24,
    "variant": 31,
    "cancel_reason": null,
    "quantity": 1,
    "price": "2360.00",
    "status": "delivered",
    "coupon_share": "61.92",
    "net_paid_amount": "2298.08",
    "sub_order_id": "sz1151-2",
    "created_at": "2026-01-15T05:26:22.880Z"
  }
},
{
  "model": "orders.orderitem",
  "pk": 212,
  "fields": {
    "uuid": "a9de9e76-06ac-4163-ba83-82a8055ca55b",
    "order": 152,
    "product": 22,
    "variant": 27,
    "cancel_reason": null,
    "quantity": 1,
    "price": "1350.00",
    "status": "pending",
    "coupon_share": "0.00",
    "net_paid_amount": "1350.00",
    "sub_order_id": "sz1152-1",
    "created_at": "2026-01-15T09:13:20.862Z"
  }
},
{
  "model": "orders.orderitem",
  "pk": 213,
  "fields": {
    "uuid": "1ab72439-71f5-42fe-a48b-c2de6aaf7698",
    "order": 152,
    "product": 25,
    "variant": 38,
    "cancel_reason": null,
    "quantity": 1,
    "price": "3068.00",
    "status": "pending",
    "coupon_share": "0.00",
    "net_paid_amount": "3068.00",
    "sub_order_id": "sz1152-2",
    "created_at": "2026-01-15T09:13:20.866Z"
  }
},
{
  "model": "orders.orderitem",
  "pk": 214,
  "fields": {
    "uuid": "370aa432-a740-4741-b6c4-77f460f01dd6",
    "order": 153,
    "product": 22,
    "variant": 27,
    "cancel_reason": "sdf sdfsd sfsd",
    "quantity": 1,
    "price": "1593.00",
    "status": "cancelled",
    "coupon_share": "0.00",
    "net_paid_amount": "1593.00",
    "sub_order_id": "sz1153-1",
    "created_at": "2026-01-15T11:24:08.729Z"
  }
},
{
  "model": "orders.orderitem",
  "pk": 215,
  "fields": {
    "uuid": "03d72ddc-2130-494f-b09e-fda5b9ebdcc3",
    "order": 153,
    "product": 22,
    "variant": 26,
    "cancel_reason": null,
    "quantity": 1,
    "price": "2183.00",
    "status": "pending",
    "coupon_share": "0.00",
    "net_paid_amount": "2183.00",
    "sub_order_id": "sz1153-2",
    "created_at": "2026-01-15T11:24:08.734Z"
  }
},
{
  "model": "orders.returnrequest",
  "pk": 1,
  "fields": {
    "order_item": 5,
    "reason": "the product is broken",
    "status": "pending",
    "created_at": "2025-12-09T00:50:05.863Z",
    "updated_at": "2025-12-14T13:03:47.890Z"
  }
},
{
  "model": "orders.returnrequest",
  "pk": 2,
  "fields": {
    "order_item": 4,
    "reason": "the item was broken...",
    "status": "pending",
    "created_at": "2025-12-09T00:54:02.294Z",
    "updated_at": "2025-12-14T13:03:47.890Z"
  }
},
{
  "model": "orders.returnrequest",
  "pk": 3,
  "fields": {
    "order_item": 11,
    "reason": "the product was broken",
    "status": "approved",
    "created_at": "2025-12-09T07:25:34.269Z",
    "updated_at": "2025-12-14T13:03:47.890Z"
  }
},
{
  "model": "orders.returnrequest",
  "pk": 4,
  "fields": {
    "order_item": 10,
    "reason": "asasda",
    "status": "pending",
    "created_at": "2025-12-14T13:09:11.437Z",
    "updated_at": "2025-12-14T13:09:11.437Z"
  }
},
{
  "model": "orders.returnrequest",
  "pk": 5,
  "fields": {
    "order_item": 8,
    "reason": "arjun j home",
    "status": "approved",
    "created_at": "2025-12-14T14:07:59.582Z",
    "updated_at": "2025-12-14T14:07:59.582Z"
  }
},
{
  "model": "orders.returnrequest",
  "pk": 6,
  "fields": {
    "order_item": 2,
    "reason": "dre hjy lku",
    "status": "approved",
    "created_at": "2025-12-14T15:01:34.722Z",
    "updated_at": "2025-12-14T15:01:34.722Z"
  }
},
{
  "model": "orders.returnrequest",
  "pk": 7,
  "fields": {
    "order_item": 13,
    "reason": "the product was broken",
    "status": "rejected",
    "created_at": "2025-12-15T22:58:34.160Z",
    "updated_at": "2025-12-15T22:58:34.160Z"
  }
},
{
  "model": "orders.returnrequest",
  "pk": 8,
  "fields": {
    "order_item": 15,
    "reason": "the item is not good",
    "status": "approved",
    "created_at": "2025-12-15T23:51:20.744Z",
    "updated_at": "2025-12-15T23:51:20.744Z"
  }
},
{
  "model": "orders.returnrequest",
  "pk": 9,
  "fields": {
    "order_item": 23,
    "reason": "the item was broken",
    "status": "approved",
    "created_at": "2025-12-16T07:35:53.066Z",
    "updated_at": "2025-12-16T07:35:53.066Z"
  }
},
{
  "model": "orders.returnrequest",
  "pk": 10,
  "fields": {
    "order_item": 39,
    "reason": "the item was broken",
    "status": "approved",
    "created_at": "2025-12-26T11:38:55.627Z",
    "updated_at": "2025-12-26T11:38:55.627Z"
  }
},
{
  "model": "orders.returnrequest",
  "pk": 11,
  "fields": {
    "order_item": 102,
    "reason": "gffhd dfghif fhgj",
    "status": "approved",
    "created_at": "2025-12-30T09:33:47.420Z",
    "updated_at": "2025-12-30T09:33:47.420Z"
  }
},
{
  "model": "orders.returnrequest",
  "pk": 12,
  "fields": {
    "order_item": 99,
    "reason": "dsf dfgfd fcfgdf",
    "status": "approved",
    "created_at": "2025-12-30T09:39:11.165Z",
    "updated_at": "2025-12-30T09:39:11.165Z"
  }
},
{
  "model": "orders.returnrequest",
  "pk": 13,
  "fields": {
    "order_item": 105,
    "reason": "sd dsfs fsdfs",
    "status": "approved",
    "created_at": "2025-12-30T10:27:05.987Z",
    "updated_at": "2025-12-30T10:27:05.987Z"
  }
},
{
  "model": "orders.returnrequest",
  "pk": 14,
  "fields": {
    "order_item": 106,
    "reason": "sadsa sdfds sdfds",
    "status": "approved",
    "created_at": "2025-12-30T11:08:07.205Z",
    "updated_at": "2025-12-30T11:08:07.205Z"
  }
},
{
  "model": "orders.returnrequest",
  "pk": 15,
  "fields": {
    "order_item": 100,
    "reason": "sada sdfsv sdfds ",
    "status": "approved",
    "created_at": "2025-12-30T11:25:48.090Z",
    "updated_at": "2025-12-30T11:25:48.090Z"
  }
},
{
  "model": "orders.returnrequest",
  "pk": 16,
  "fields": {
    "order_item": 108,
    "reason": "dsfs xcfvds xdfds",
    "status": "refunded",
    "created_at": "2025-12-30T11:32:24.860Z",
    "updated_at": "2025-12-30T11:32:24.860Z"
  }
},
{
  "model": "orders.returnrequest",
  "pk": 17,
  "fields": {
    "order_item": 98,
    "reason": "wqe sad asda",
    "status": "approved",
    "created_at": "2025-12-30T12:04:06.754Z",
    "updated_at": "2025-12-30T12:04:06.754Z"
  }
},
{
  "model": "orders.returnrequest",
  "pk": 18,
  "fields": {
    "order_item": 109,
    "reason": "asac sad sd",
    "status": "refunded",
    "created_at": "2025-12-30T12:16:44.914Z",
    "updated_at": "2025-12-30T12:16:44.914Z"
  }
},
{
  "model": "orders.returnrequest",
  "pk": 19,
  "fields": {
    "order_item": 111,
    "reason": "asda zdsa zdf",
    "status": "refunded",
    "created_at": "2025-12-30T12:50:45.013Z",
    "updated_at": "2025-12-30T12:50:45.013Z"
  }
},
{
  "model": "orders.returnrequest",
  "pk": 20,
  "fields": {
    "order_item": 113,
    "reason": "asa sds sdsd",
    "status": "refunded",
    "created_at": "2025-12-30T13:01:58.438Z",
    "updated_at": "2025-12-30T13:01:58.438Z"
  }
},
{
  "model": "orders.returnrequest",
  "pk": 21,
  "fields": {
    "order_item": 120,
    "reason": "the item was broken",
    "status": "refunded",
    "created_at": "2025-12-31T08:50:59.057Z",
    "updated_at": "2025-12-31T08:50:59.057Z"
  }
},
{
  "model": "orders.returnrequest",
  "pk": 22,
  "fields": {
    "order_item": 147,
    "reason": "ertre ffgrfdg dffgretd",
    "status": "refunded",
    "created_at": "2026-01-05T14:38:54.412Z",
    "updated_at": "2026-01-05T14:38:54.412Z"
  }
},
{
  "model": "orders.returnrequest",
  "pk": 23,
  "fields": {
    "order_item": 152,
    "reason": "ewdewsv edrsf dfvc ",
    "status": "refunded",
    "created_at": "2026-01-06T04:27:54.634Z",
    "updated_at": "2026-01-06T04:27:54.634Z"
  }
},
{
  "model": "orders.returnrequest",
  "pk": 24,
  "fields": {
    "order_item": 167,
    "reason": "aswd sfd sfde",
    "status": "refunded",
    "created_at": "2026-01-07T23:27:32.622Z",
    "updated_at": "2026-01-07T23:27:32.622Z"
  }
},
{
  "model": "orders.returnrequest",
  "pk": 25,
  "fields": {
    "order_item": 168,
    "reason": "sdf ds sds",
    "status": "refunded",
    "created_at": "2026-01-08T03:51:13.538Z",
    "updated_at": "2026-01-08T03:51:13.538Z"
  }
},
{
  "model": "orders.returnrequest",
  "pk": 26,
  "fields": {
    "order_item": 178,
    "reason": "the itrm was broken",
    "status": "refunded",
    "created_at": "2026-01-12T09:49:57.785Z",
    "updated_at": "2026-01-12T09:49:57.785Z"
  }
},
{
  "model": "orders.returnrequest",
  "pk": 27,
  "fields": {
    "order_item": 177,
    "reason": "the item was broken",
    "status": "refunded",
    "created_at": "2026-01-12T09:50:14.859Z",
    "updated_at": "2026-01-12T09:50:14.859Z"
  }
},
{
  "model": "orders.returnrequest",
  "pk": 28,
  "fields": {
    "order_item": 185,
    "reason": "srfed sdefds sedfds",
    "status": "pending",
    "created_at": "2026-01-12T12:32:53.255Z",
    "updated_at": "2026-01-12T12:32:53.255Z"
  }
},
{
  "model": "orders.returnrequest",
  "pk": 29,
  "fields": {
    "order_item": 186,
    "reason": "sada sds sds",
    "status": "refunded",
    "created_at": "2026-01-13T12:06:51.295Z",
    "updated_at": "2026-01-13T12:06:51.295Z"
  }
},
{
  "model": "orders.returnrequest",
  "pk": 30,
  "fields": {
    "order_item": 190,
    "reason": " vb gbc vc",
    "status": "refunded",
    "created_at": "2026-01-14T06:41:13.515Z",
    "updated_at": "2026-01-14T06:41:13.515Z"
  }
},
{
  "model": "orders.returnrequest",
  "pk": 31,
  "fields": {
    "order_item": 194,
    "reason": "dfs wa  sras",
    "status": "refunded",
    "created_at": "2026-01-14T06:44:01.537Z",
    "updated_at": "2026-01-14T06:44:01.537Z"
  }
},
{
  "model": "orders.returnrequest",
  "pk": 32,
  "fields": {
    "order_item": 203,
    "reason": "adsf dxsfds dxfvsd dsf",
    "status": "refunded",
    "created_at": "2026-01-14T07:11:22.726Z",
    "updated_at": "2026-01-14T07:11:22.726Z"
  }
},
{
  "model": "orders.returnrequest",
  "pk": 33,
  "fields": {
    "order_item": 207,
    "reason": "dsf dfs sdfw",
    "status": "refunded",
    "created_at": "2026-01-14T07:19:01.054Z",
    "updated_at": "2026-01-14T07:19:01.054Z"
  }
},
{
  "model": "offers.productoffer",
  "pk": 1,
  "fields": {
    "uuid": "bdf32a4e-8528-4391-88c3-2ed4eb7647b4",
    "product": 15,
    "offer_name": "X-mas off",
    "discount_percent": 10,
    "start_date": "2025-12-18",
    "end_date": "2025-12-25",
    "min_product_price": 1000,
    "max_product_price": 10000,
    "is_active": false,
    "created_at": "2025-12-17T14:09:31.281Z",
    "updated_at": "2025-12-20T09:45:00.213Z"
  }
},
{
  "model": "offers.productoffer",
  "pk": 2,
  "fields": {
    "uuid": "78b77ad3-bec1-48a7-9ee8-712b0dfaeb05",
    "product": 27,
    "offer_name": "onam offer",
    "discount_percent": 20,
    "start_date": "2025-12-18",
    "end_date": "2025-12-19",
    "min_product_price": 1000,
    "max_product_price": 10000,
    "is_active": false,
    "created_at": "2025-12-18T10:00:30.821Z",
    "updated_at": "2025-12-20T08:52:56.525Z"
  }
},
{
  "model": "offers.productoffer",
  "pk": 3,
  "fields": {
    "uuid": "ad412681-c0b0-4c31-a1a2-ce3487c174f2",
    "product": 21,
    "offer_name": "Black Friday",
    "discount_percent": 12,
    "start_date": "2025-12-20",
    "end_date": "2025-12-22",
    "min_product_price": 1500,
    "max_product_price": 2001,
    "is_active": false,
    "created_at": "2025-12-20T04:44:23.909Z",
    "updated_at": "2025-12-20T09:45:03.587Z"
  }
},
{
  "model": "offers.productoffer",
  "pk": 4,
  "fields": {
    "uuid": "81b38d5d-250a-4d08-adb0-2aa6124cbba0",
    "product": 15,
    "offer_name": "vishu offer",
    "discount_percent": 10,
    "start_date": "2025-12-26",
    "end_date": "2025-12-27",
    "min_product_price": 1000,
    "max_product_price": 2000,
    "is_active": false,
    "created_at": "2025-12-26T11:44:24.060Z",
    "updated_at": "2025-12-26T11:44:24.060Z"
  }
},
{
  "model": "offers.productoffer",
  "pk": 5,
  "fields": {
    "uuid": "93cc3556-9b87-4838-a8d6-c902b9cc0d02",
    "product": 14,
    "offer_name": "test",
    "discount_percent": 10,
    "start_date": "2025-12-29",
    "end_date": "2025-12-30",
    "min_product_price": 2500,
    "max_product_price": 3000,
    "is_active": false,
    "created_at": "2025-12-29T11:15:54.075Z",
    "updated_at": "2025-12-29T11:15:54.075Z"
  }
},
{
  "model": "offers.productoffer",
  "pk": 6,
  "fields": {
    "uuid": "139d38ea-64d6-414c-b7e7-32fcb097c428",
    "product": 16,
    "offer_name": "Abhins Offer",
    "discount_percent": 90,
    "start_date": "2026-01-05",
    "end_date": "2026-01-21",
    "min_product_price": 1,
    "max_product_price": 312,
    "is_active": true,
    "created_at": "2026-01-14T09:19:45.050Z",
    "updated_at": "2026-01-14T09:19:45.050Z"
  }
},
{
  "model": "offers.productoffer",
  "pk": 7,
  "fields": {
    "uuid": "cf37d179-38a5-4510-9961-33f5f9272a1f",
    "product": 27,
    "offer_name": "ios",
    "discount_percent": 90,
    "start_date": "2026-01-15",
    "end_date": "2026-01-18",
    "min_product_price": 1000,
    "max_product_price": 5000,
    "is_active": true,
    "created_at": "2026-01-15T05:56:45.425Z",
    "updated_at": "2026-01-15T05:56:45.425Z"
  }
},
{
  "model": "offers.categoryoffer",
  "pk": 1,
  "fields": {
    "uuid": "4a178117-9bce-48ff-a014-54481dedab7e",
    "category": 1,
    "offer_name": "onam offer",
    "discount_percent": 10,
    "start_date": "2025-12-21",
    "end_date": "2025-12-23",
    "is_active": false,
    "created_at": "2025-12-21T13:22:38.233Z",
    "updated_at": "2025-12-22T04:15:56.314Z"
  }
},
{
  "model": "offers.categoryoffer",
  "pk": 2,
  "fields": {
    "uuid": "24b54b8a-0022-43e5-baa4-70ae94b89673",
    "category": 1,
    "offer_name": "ghh",
    "discount_percent": 12,
    "start_date": "2025-12-24",
    "end_date": "2025-12-25",
    "is_active": false,
    "created_at": "2025-12-24T12:02:07.334Z",
    "updated_at": "2025-12-24T12:02:07.334Z"
  }
},
{
  "model": "offers.categoryoffer",
  "pk": 3,
  "fields": {
    "uuid": "0720b0a6-8430-4d80-9ec4-fa3686fa6dc7",
    "category": 1,
    "offer_name": "vishu offer",
    "discount_percent": 15,
    "start_date": "2025-12-26",
    "end_date": "2025-12-27",
    "is_active": false,
    "created_at": "2025-12-26T11:46:43.473Z",
    "updated_at": "2025-12-26T11:46:43.473Z"
  }
},
{
  "model": "offers.categoryoffer",
  "pk": 4,
  "fields": {
    "uuid": "fc713dc7-0a91-4f43-8e47-8aeaa35b2f43",
    "category": 1,
    "offer_name": "onam-offer",
    "discount_percent": 12,
    "start_date": "2025-12-31",
    "end_date": "2026-01-02",
    "is_active": false,
    "created_at": "2025-12-31T08:30:30.579Z",
    "updated_at": "2025-12-31T08:30:30.579Z"
  }
},
{
  "model": "offers.categoryoffer",
  "pk": 5,
  "fields": {
    "uuid": "862f2f1c-ea16-45ae-8027-0be58f54e62d",
    "category": 11,
    "offer_name": "wqe",
    "discount_percent": 12,
    "start_date": "2026-01-15",
    "end_date": "2026-01-23",
    "is_active": false,
    "created_at": "2026-01-15T06:17:51.462Z",
    "updated_at": "2026-01-15T06:17:51.462Z"
  }
},
{
  "model": "coupons.coupon",
  "pk": 3,
  "fields": {
    "coupon_source": "normal",
    "code": "ACD-21",
    "discount_type": "flat",
    "discount_value": "0.00",
    "min_order_amount": "1000.00",
    "max_discount_amount": null,
    "valid_from": "2025-12-26T11:41:00Z",
    "valid_to": "2025-12-27T11:41:00Z",
    "usage_limit": 12,
    "max_uses_per_user": 1,
    "used_count": 0,
    "is_active": true,
    "created_at": "2025-12-26T11:41:42.734Z"
  }
},
{
  "model": "coupons.coupon",
  "pk": 5,
  "fields": {
    "coupon_source": "normal",
    "code": "ADS-XCL123",
    "discount_type": "percent",
    "discount_value": "12.00",
    "min_order_amount": "2000.00",
    "max_discount_amount": "200.00",
    "valid_from": "2025-12-27T11:27:00Z",
    "valid_to": "2025-12-29T11:27:00Z",
    "usage_limit": 12,
    "max_uses_per_user": 1,
    "used_count": 6,
    "is_active": true,
    "created_at": "2025-12-27T11:27:49.156Z"
  }
},
{
  "model": "coupons.coupon",
  "pk": 6,
  "fields": {
    "coupon_source": "normal",
    "code": "QWER-123",
    "discount_type": "flat",
    "discount_value": "200.00",
    "min_order_amount": "1000.00",
    "max_discount_amount": null,
    "valid_from": "2025-12-29T04:14:00Z",
    "valid_to": "2025-12-30T04:14:00Z",
    "usage_limit": 3,
    "max_uses_per_user": 1,
    "used_count": 3,
    "is_active": true,
    "created_at": "2025-12-29T04:14:26.740Z"
  }
},
{
  "model": "coupons.coupon",
  "pk": 7,
  "fields": {
    "coupon_source": "normal",
    "code": "WE-23",
    "discount_type": "percent",
    "discount_value": "10.00",
    "min_order_amount": "2000.00",
    "max_discount_amount": "300.00",
    "valid_from": "2025-12-29T11:50:00Z",
    "valid_to": "2025-12-30T11:50:00Z",
    "usage_limit": 3,
    "max_uses_per_user": 1,
    "used_count": 3,
    "is_active": true,
    "created_at": "2025-12-29T11:50:51.461Z"
  }
},
{
  "model": "coupons.coupon",
  "pk": 8,
  "fields": {
    "coupon_source": "normal",
    "code": "WER12",
    "discount_type": "percent",
    "discount_value": "10.00",
    "min_order_amount": "2000.00",
    "max_discount_amount": "300.00",
    "valid_from": "2025-12-29T12:18:00Z",
    "valid_to": "2025-12-30T12:18:00Z",
    "usage_limit": 12,
    "max_uses_per_user": 1,
    "used_count": 12,
    "is_active": true,
    "created_at": "2025-12-29T12:18:31.317Z"
  }
},
{
  "model": "coupons.coupon",
  "pk": 9,
  "fields": {
    "coupon_source": "normal",
    "code": "ASD122",
    "discount_type": "percent",
    "discount_value": "13.00",
    "min_order_amount": "2000.00",
    "max_discount_amount": "200.00",
    "valid_from": "2025-12-30T12:29:00Z",
    "valid_to": "2026-01-01T12:29:00Z",
    "usage_limit": 12,
    "max_uses_per_user": 1,
    "used_count": 3,
    "is_active": false,
    "created_at": "2025-12-30T12:29:14.739Z"
  }
},
{
  "model": "coupons.coupon",
  "pk": 12,
  "fields": {
    "coupon_source": "normal",
    "code": "ASJK12",
    "discount_type": "percent",
    "discount_value": "12.00",
    "min_order_amount": "2000.00",
    "max_discount_amount": "200.00",
    "valid_from": "2025-12-31T08:46:00Z",
    "valid_to": "2026-01-01T08:46:00Z",
    "usage_limit": 12,
    "max_uses_per_user": 1,
    "used_count": 2,
    "is_active": false,
    "created_at": "2025-12-31T08:46:14.604Z"
  }
},
{
  "model": "coupons.coupon",
  "pk": 13,
  "fields": {
    "coupon_source": "normal",
    "code": "CFD23",
    "discount_type": "percent",
    "discount_value": "12.00",
    "min_order_amount": "2000.00",
    "max_discount_amount": "200.00",
    "valid_from": "2026-01-06T08:35:00Z",
    "valid_to": "2026-01-06T08:36:00Z",
    "usage_limit": 12,
    "max_uses_per_user": 1,
    "used_count": 10,
    "is_active": false,
    "created_at": "2026-01-05T04:48:44.398Z"
  }
},
{
  "model": "coupons.coupon",
  "pk": 14,
  "fields": {
    "coupon_source": "normal",
    "code": "TEST-9",
    "discount_type": "percent",
    "discount_value": "12.00",
    "min_order_amount": "2000.00",
    "max_discount_amount": "300.00",
    "valid_from": "2026-01-07T16:27:00Z",
    "valid_to": "2026-01-09T16:27:00Z",
    "usage_limit": 100,
    "max_uses_per_user": 2,
    "used_count": 6,
    "is_active": false,
    "created_at": "2026-01-07T16:28:02.724Z"
  }
},
{
  "model": "coupons.coupon",
  "pk": 15,
  "fields": {
    "coupon_source": "normal",
    "code": "HGF-23",
    "discount_type": "percent",
    "discount_value": "12.00",
    "min_order_amount": "3000.00",
    "max_discount_amount": "300.00",
    "valid_from": "2026-01-08T03:46:00Z",
    "valid_to": "2026-01-09T03:46:00Z",
    "usage_limit": 12,
    "max_uses_per_user": 1,
    "used_count": 1,
    "is_active": false,
    "created_at": "2026-01-08T03:46:27.213Z"
  }
},
{
  "model": "coupons.coupon",
  "pk": 16,
  "fields": {
    "coupon_source": "normal",
    "code": "WERT-12",
    "discount_type": "percent",
    "discount_value": "12.00",
    "min_order_amount": "2000.00",
    "max_discount_amount": "300.00",
    "valid_from": "2026-01-09T09:56:00Z",
    "valid_to": "2026-01-23T11:57:00Z",
    "usage_limit": 12,
    "max_uses_per_user": 3,
    "used_count": 3,
    "is_active": false,
    "created_at": "2026-01-09T09:57:08.278Z"
  }
},
{
  "model": "coupons.coupon",
  "pk": 17,
  "fields": {
    "coupon_source": "referral",
    "code": "REF7F6A88E8",
    "discount_type": "percent",
    "discount_value": "10.00",
    "min_order_amount": "500.00",
    "max_discount_amount": "200.00",
    "valid_from": "2026-01-14T07:06:00Z",
    "valid_to": "2026-02-20T07:06:00Z",
    "usage_limit": 12,
    "max_uses_per_user": 3,
    "used_count": 1,
    "is_active": false,
    "created_at": "2026-01-12T07:06:16.834Z"
  }
},
{
  "model": "coupons.coupon",
  "pk": 18,
  "fields": {
    "coupon_source": "normal",
    "code": "DSA-231",
    "discount_type": "percent",
    "discount_value": "12.00",
    "min_order_amount": "123.00",
    "max_discount_amount": "250.00",
    "valid_from": "2026-01-14T07:00:00Z",
    "valid_to": "2026-01-16T07:00:00Z",
    "usage_limit": 12,
    "max_uses_per_user": 3,
    "used_count": 4,
    "is_active": false,
    "created_at": "2026-01-14T07:00:58.962Z"
  }
},
{
  "model": "coupons.coupon",
  "pk": 19,
  "fields": {
    "coupon_source": "normal",
    "code": "SADASDASD",
    "discount_type": "flat",
    "discount_value": "100.00",
    "min_order_amount": "10.00",
    "max_discount_amount": null,
    "valid_from": "2026-01-14T09:23:00Z",
    "valid_to": "2026-01-23T09:23:00Z",
    "usage_limit": 12,
    "max_uses_per_user": 1,
    "used_count": 1,
    "is_active": false,
    "created_at": "2026-01-14T09:23:08.275Z"
  }
},
{
  "model": "coupons.coupon",
  "pk": 20,
  "fields": {
    "coupon_source": "normal",
    "code": "IOIS",
    "discount_type": "percent",
    "discount_value": "100.00",
    "min_order_amount": "1000.00",
    "max_discount_amount": "30000.00",
    "valid_from": "2026-01-15T05:57:00Z",
    "valid_to": "2026-01-15T06:01:00Z",
    "usage_limit": 12,
    "max_uses_per_user": 3,
    "used_count": 2,
    "is_active": false,
    "created_at": "2026-01-15T05:57:27.771Z"
  }
},
{
  "model": "coupons.coupon",
  "pk": 21,
  "fields": {
    "coupon_source": "normal",
    "code": "IOS 2",
    "discount_type": "percent",
    "discount_value": "12.00",
    "min_order_amount": "2000.00",
    "max_discount_amount": "1323323.00",
    "valid_from": "2026-01-15T06:04:00Z",
    "valid_to": "2026-01-23T06:04:00Z",
    "usage_limit": 12,
    "max_uses_per_user": 1,
    "used_count": 1,
    "is_active": false,
    "created_at": "2026-01-15T06:04:56.576Z"
  }
},
{
  "model": "coupons.couponusage",
  "pk": 1,
  "fields": {
    "user": [
      "jarjun042000@gmail.com"
    ],
    "coupon": 14,
    "used_count": 2
  }
},
{
  "model": "coupons.couponusage",
  "pk": 2,
  "fields": {
    "user": [
      "bt@mailsac.com"
    ],
    "coupon": 14,
    "used_count": 2
  }
},
{
  "model": "coupons.couponusage",
  "pk": 3,
  "fields": {
    "user": [
      "vb@mailsac.com"
    ],
    "coupon": 15,
    "used_count": 1
  }
},
{
  "model": "coupons.couponusage",
  "pk": 4,
  "fields": {
    "user": [
      "jarjun042000@gmail.com"
    ],
    "coupon": 16,
    "used_count": 3
  }
},
{
  "model": "coupons.couponusage",
  "pk": 5,
  "fields": {
    "user": [
      "jarjun042000@gmail.com"
    ],
    "coupon": 17,
    "used_count": 1
  }
},
{
  "model": "coupons.couponusage",
  "pk": 6,
  "fields": {
    "user": [
      "jarjun042000@gmail.com"
    ],
    "coupon": 18,
    "used_count": 3
  }
},
{
  "model": "coupons.couponusage",
  "pk": 7,
  "fields": {
    "user": [
      "bts@mailsac.com"
    ],
    "coupon": 19,
    "used_count": 1
  }
},
{
  "model": "coupons.couponusage",
  "pk": 8,
  "fields": {
    "user": [
      "bts@mailsac.com"
    ],
    "coupon": 20,
    "used_count": 2
  }
},
{
  "model": "coupons.couponusage",
  "pk": 9,
  "fields": {
    "user": [
      "bts@mailsac.com"
    ],
    "coupon": 21,
    "used_count": 1
  }
},
{
  "model": "coupons.couponusage",
  "pk": 10,
  "fields": {
    "user": [
      "bts@mailsac.com"
    ],
    "coupon": 18,
    "used_count": 1
  }
},
{
  "model": "wallet.wallet",
  "pk": 1,
  "fields": {
    "user": [
      "bt@mailsac.com"
    ],
    "balance": "12979.43",
    "updated_at": "2026-01-12T04:17:35.755Z"
  }
},
{
  "model": "wallet.wallet",
  "pk": 2,
  "fields": {
    "user": [
      "dt@mailsac.com"
    ],
    "balance": "2236.16",
    "updated_at": "2025-12-31T06:04:03.845Z"
  }
},
{
  "model": "wallet.wallet",
  "pk": 3,
  "fields": {
    "user": [
      "jarjun042000@gmail.com"
    ],
    "balance": "46135.41",
    "updated_at": "2026-01-14T07:17:48.690Z"
  }
},
{
  "model": "wallet.wallet",
  "pk": 4,
  "fields": {
    "user": [
      "vb@mailsac.com"
    ],
    "balance": "1424.09",
    "updated_at": "2026-01-08T03:53:31.758Z"
  }
},
{
  "model": "wallet.wallet",
  "pk": 5,
  "fields": {
    "user": [
      "gb@mailsac.com"
    ],
    "balance": "0.00",
    "updated_at": "2026-01-14T07:54:10.769Z"
  }
},
{
  "model": "wallet.wallet",
  "pk": 6,
  "fields": {
    "user": [
      "ds@mailsac.com"
    ],
    "balance": "0.00",
    "updated_at": "2026-01-14T09:27:08.288Z"
  }
},
{
  "model": "wallet.wallet",
  "pk": 7,
  "fields": {
    "user": [
      "bts@mailsac.com"
    ],
    "balance": "1413.32",
    "updated_at": "2026-01-15T05:27:08.849Z"
  }
},
{
  "model": "wallet.wallet",
  "pk": 8,
  "fields": {
    "user": [
      "btt@mailsac.com"
    ],
    "balance": "1593.00",
    "updated_at": "2026-01-15T11:24:51.641Z"
  }
},
{
  "model": "wallet.wallettransaction",
  "pk": 1,
  "fields": {
    "wallet": 1,
    "transaction_type": "credit",
    "amount": "1000.00",
    "order": null,
    "status": "completed",
    "description": "Manual wallet top-up (testing)",
    "created_at": "2025-12-29T08:26:46.108Z"
  }
},
{
  "model": "wallet.wallettransaction",
  "pk": 2,
  "fields": {
    "wallet": 1,
    "transaction_type": "credit",
    "amount": "1000.00",
    "order": null,
    "status": "completed",
    "description": "Manual wallet top-up (testing)",
    "created_at": "2025-12-29T08:27:17.507Z"
  }
},
{
  "model": "wallet.wallettransaction",
  "pk": 3,
  "fields": {
    "wallet": 1,
    "transaction_type": "credit",
    "amount": "1000.00",
    "order": null,
    "status": "completed",
    "description": "Manual wallet top-up (testing)",
    "created_at": "2025-12-29T08:27:23.636Z"
  }
},
{
  "model": "wallet.wallettransaction",
  "pk": 4,
  "fields": {
    "wallet": 1,
    "transaction_type": "credit",
    "amount": "1000.00",
    "order": null,
    "status": "completed",
    "description": "Manual wallet top-up (testing)",
    "created_at": "2025-12-29T08:27:28.145Z"
  }
},
{
  "model": "wallet.wallettransaction",
  "pk": 5,
  "fields": {
    "wallet": 1,
    "transaction_type": "debit",
    "amount": "1256.12",
    "order": 46,
    "status": "completed",
    "description": "Order payment via wallet",
    "created_at": "2025-12-29T08:53:47.864Z"
  }
},
{
  "model": "wallet.wallettransaction",
  "pk": 6,
  "fields": {
    "wallet": 1,
    "transaction_type": "credit",
    "amount": "1456.12",
    "order": 46,
    "status": "completed",
    "description": "Refund for cancelled item sz1046-1",
    "created_at": "2025-12-29T10:14:02.573Z"
  }
},
{
  "model": "wallet.wallettransaction",
  "pk": 7,
  "fields": {
    "wallet": 1,
    "transaction_type": "debit",
    "amount": "1298.00",
    "order": 49,
    "status": "completed",
    "description": "Order payment via wallet",
    "created_at": "2025-12-29T10:19:16.385Z"
  }
},
{
  "model": "wallet.wallettransaction",
  "pk": 8,
  "fields": {
    "wallet": 1,
    "transaction_type": "credit",
    "amount": "1298.00",
    "order": 49,
    "status": "completed",
    "description": "Refund for cancelled item sz1049-1",
    "created_at": "2025-12-29T10:19:44.121Z"
  }
},
{
  "model": "wallet.wallettransaction",
  "pk": 9,
  "fields": {
    "wallet": 1,
    "transaction_type": "debit",
    "amount": "2986.00",
    "order": 50,
    "status": "completed",
    "description": "Order payment via wallet",
    "created_at": "2025-12-29T10:22:30.717Z"
  }
},
{
  "model": "wallet.wallettransaction",
  "pk": 10,
  "fields": {
    "wallet": 1,
    "transaction_type": "credit",
    "amount": "3186.00",
    "order": 50,
    "status": "completed",
    "description": "Refund for cancelled item sz1050-1",
    "created_at": "2025-12-29T10:22:40.779Z"
  }
},
{
  "model": "wallet.wallettransaction",
  "pk": 11,
  "fields": {
    "wallet": 1,
    "transaction_type": "debit",
    "amount": "2547.74",
    "order": 51,
    "status": "completed",
    "description": "Order payment via wallet",
    "created_at": "2025-12-29T11:19:49.103Z"
  }
},
{
  "model": "wallet.wallettransaction",
  "pk": 12,
  "fields": {
    "wallet": 1,
    "transaction_type": "credit",
    "amount": "2547.74",
    "order": 51,
    "status": "completed",
    "description": "Refund for cancelled item sz1051-1",
    "created_at": "2025-12-29T11:20:03.499Z"
  }
},
{
  "model": "wallet.wallettransaction",
  "pk": 13,
  "fields": {
    "wallet": 1,
    "transaction_type": "debit",
    "amount": "2160.00",
    "order": 52,
    "status": "completed",
    "description": "Order payment via wallet",
    "created_at": "2025-12-29T11:51:34.161Z"
  }
},
{
  "model": "wallet.wallettransaction",
  "pk": 14,
  "fields": {
    "wallet": 1,
    "transaction_type": "credit",
    "amount": "2124.00",
    "order": 52,
    "status": "completed",
    "description": "Refund for cancelled item sz1052-2",
    "created_at": "2025-12-29T11:51:58.822Z"
  }
},
{
  "model": "wallet.wallettransaction",
  "pk": 15,
  "fields": {
    "wallet": 1,
    "transaction_type": "debit",
    "amount": "2160.00",
    "order": 53,
    "status": "completed",
    "description": "Order payment via wallet",
    "created_at": "2025-12-29T11:59:06.711Z"
  }
},
{
  "model": "wallet.wallettransaction",
  "pk": 16,
  "fields": {
    "wallet": 1,
    "transaction_type": "credit",
    "amount": "2124.00",
    "order": 53,
    "status": "completed",
    "description": "Refund for cancelled item sz1053-2",
    "created_at": "2025-12-29T11:59:16.023Z"
  }
},
{
  "model": "wallet.wallettransaction",
  "pk": 17,
  "fields": {
    "wallet": 1,
    "transaction_type": "debit",
    "amount": "3130.92",
    "order": 54,
    "status": "completed",
    "description": "Order payment via wallet",
    "created_at": "2025-12-29T12:06:15.349Z"
  }
},
{
  "model": "wallet.wallettransaction",
  "pk": 18,
  "fields": {
    "wallet": 1,
    "transaction_type": "credit",
    "amount": "3078.74",
    "order": 54,
    "status": "completed",
    "description": "Refund for cancelled item sz1054-2",
    "created_at": "2025-12-29T12:06:34.702Z"
  }
},
{
  "model": "wallet.wallettransaction",
  "pk": 19,
  "fields": {
    "wallet": 1,
    "transaction_type": "debit",
    "amount": "2160.00",
    "order": 55,
    "status": "completed",
    "description": "Order payment via wallet",
    "created_at": "2025-12-29T12:21:54.067Z"
  }
},
{
  "model": "wallet.wallettransaction",
  "pk": 20,
  "fields": {
    "wallet": 1,
    "transaction_type": "credit",
    "amount": "2124.00",
    "order": 55,
    "status": "completed",
    "description": "Refund for cancelled item sz1055-2",
    "created_at": "2025-12-29T12:29:51.032Z"
  }
},
{
  "model": "wallet.wallettransaction",
  "pk": 21,
  "fields": {
    "wallet": 1,
    "transaction_type": "debit",
    "amount": "2160.00",
    "order": 56,
    "status": "completed",
    "description": "Order payment via wallet",
    "created_at": "2025-12-29T12:29:59.284Z"
  }
},
{
  "model": "wallet.wallettransaction",
  "pk": 22,
  "fields": {
    "wallet": 1,
    "transaction_type": "credit",
    "amount": "2141.48",
    "order": 56,
    "status": "completed",
    "description": "Refund for cancelled item sz1056-2",
    "created_at": "2025-12-29T12:30:07.500Z"
  }
},
{
  "model": "wallet.wallettransaction",
  "pk": 23,
  "fields": {
    "wallet": 1,
    "transaction_type": "debit",
    "amount": "3130.92",
    "order": 57,
    "status": "completed",
    "description": "Order payment via wallet",
    "created_at": "2025-12-29T12:48:03.393Z"
  }
},
{
  "model": "wallet.wallettransaction",
  "pk": 24,
  "fields": {
    "wallet": 1,
    "transaction_type": "credit",
    "amount": "3130.92",
    "order": 57,
    "status": "completed",
    "description": "Refund for cancelled item sz1057-1",
    "created_at": "2025-12-29T12:48:13.287Z"
  }
},
{
  "model": "wallet.wallettransaction",
  "pk": 25,
  "fields": {
    "wallet": 1,
    "transaction_type": "debit",
    "amount": "2300.40",
    "order": 58,
    "status": "completed",
    "description": "Order payment via wallet",
    "created_at": "2025-12-29T12:54:22.865Z"
  }
},
{
  "model": "wallet.wallettransaction",
  "pk": 26,
  "fields": {
    "wallet": 1,
    "transaction_type": "credit",
    "amount": "842.40",
    "order": 58,
    "status": "completed",
    "description": "Refund for cancelled item sz1058-2",
    "created_at": "2025-12-29T12:54:41.348Z"
  }
},
{
  "model": "wallet.wallettransaction",
  "pk": 27,
  "fields": {
    "wallet": 1,
    "transaction_type": "credit",
    "amount": "1458.00",
    "order": 58,
    "status": "completed",
    "description": "Refund for cancelled item sz1058-1",
    "created_at": "2025-12-29T12:57:26.885Z"
  }
},
{
  "model": "wallet.wallettransaction",
  "pk": 28,
  "fields": {
    "wallet": 1,
    "transaction_type": "debit",
    "amount": "2235.60",
    "order": 59,
    "status": "completed",
    "description": "Order payment via wallet",
    "created_at": "2025-12-29T12:58:44.939Z"
  }
},
{
  "model": "wallet.wallettransaction",
  "pk": 29,
  "fields": {
    "wallet": 1,
    "transaction_type": "credit",
    "amount": "777.60",
    "order": 59,
    "status": "completed",
    "description": "Refund for cancelled item sz1059-2",
    "created_at": "2025-12-29T13:00:10.207Z"
  }
},
{
  "model": "wallet.wallettransaction",
  "pk": 30,
  "fields": {
    "wallet": 1,
    "transaction_type": "credit",
    "amount": "1458.00",
    "order": 59,
    "status": "completed",
    "description": "Refund for cancelled item sz1059-1",
    "created_at": "2025-12-29T13:01:17.238Z"
  }
},
{
  "model": "wallet.wallettransaction",
  "pk": 31,
  "fields": {
    "wallet": 1,
    "transaction_type": "debit",
    "amount": "3358.00",
    "order": 60,
    "status": "completed",
    "description": "Order payment via wallet",
    "created_at": "2025-12-29T13:02:58.599Z"
  }
},
{
  "model": "wallet.wallettransaction",
  "pk": 32,
  "fields": {
    "wallet": 1,
    "transaction_type": "credit",
    "amount": "2166.45",
    "order": 60,
    "status": "completed",
    "description": "Refund for cancelled item sz1060-1",
    "created_at": "2025-12-29T13:03:16.344Z"
  }
},
{
  "model": "wallet.wallettransaction",
  "pk": 33,
  "fields": {
    "wallet": 1,
    "transaction_type": "credit",
    "amount": "1191.55",
    "order": 60,
    "status": "completed",
    "description": "Refund for cancelled item sz1060-2",
    "created_at": "2025-12-29T13:03:22.795Z"
  }
},
{
  "model": "wallet.wallettransaction",
  "pk": 34,
  "fields": {
    "wallet": 1,
    "transaction_type": "debit",
    "amount": "2300.40",
    "order": 61,
    "status": "completed",
    "description": "Order payment via wallet",
    "created_at": "2025-12-29T13:05:25.580Z"
  }
},
{
  "model": "wallet.wallettransaction",
  "pk": 35,
  "fields": {
    "wallet": 1,
    "transaction_type": "credit",
    "amount": "1458.00",
    "order": 61,
    "status": "completed",
    "description": "Refund for cancelled item sz1061-1",
    "created_at": "2025-12-29T13:08:46.190Z"
  }
},
{
  "model": "wallet.wallettransaction",
  "pk": 36,
  "fields": {
    "wallet": 1,
    "transaction_type": "credit",
    "amount": "842.40",
    "order": 61,
    "status": "completed",
    "description": "Refund for cancelled item sz1061-2",
    "created_at": "2025-12-29T13:10:23.901Z"
  }
},
{
  "model": "wallet.wallettransaction",
  "pk": 37,
  "fields": {
    "wallet": 1,
    "transaction_type": "debit",
    "amount": "2300.40",
    "order": 62,
    "status": "completed",
    "description": "Order payment via wallet",
    "created_at": "2025-12-29T13:25:42.914Z"
  }
},
{
  "model": "wallet.wallettransaction",
  "pk": 38,
  "fields": {
    "wallet": 1,
    "transaction_type": "credit",
    "amount": "842.40",
    "order": 62,
    "status": "completed",
    "description": "Refund for cancelled item sz1062-2",
    "created_at": "2025-12-29T13:26:04.414Z"
  }
},
{
  "model": "wallet.wallettransaction",
  "pk": 39,
  "fields": {
    "wallet": 1,
    "transaction_type": "credit",
    "amount": "1458.00",
    "order": 62,
    "status": "completed",
    "description": "Refund for cancelled item sz1062-1",
    "created_at": "2025-12-29T13:28:57.309Z"
  }
},
{
  "model": "wallet.wallettransaction",
  "pk": 40,
  "fields": {
    "wallet": 1,
    "transaction_type": "debit",
    "amount": "2300.40",
    "order": 63,
    "status": "completed",
    "description": "Order payment via wallet",
    "created_at": "2025-12-29T13:30:59.744Z"
  }
},
{
  "model": "wallet.wallettransaction",
  "pk": 41,
  "fields": {
    "wallet": 1,
    "transaction_type": "credit",
    "amount": "842.40",
    "order": 63,
    "status": "completed",
    "description": "Refund for cancelled item sz1063-1",
    "created_at": "2025-12-29T13:31:27.360Z"
  }
},
{
  "model": "wallet.wallettransaction",
  "pk": 42,
  "fields": {
    "wallet": 1,
    "transaction_type": "credit",
    "amount": "1458.00",
    "order": 63,
    "status": "completed",
    "description": "Refund for cancelled item sz1063-2",
    "created_at": "2025-12-29T13:54:10.427Z"
  }
},
{
  "model": "wallet.wallettransaction",
  "pk": 43,
  "fields": {
    "wallet": 1,
    "transaction_type": "debit",
    "amount": "2300.40",
    "order": 64,
    "status": "completed",
    "description": "Order payment via wallet",
    "created_at": "2025-12-29T13:54:59.506Z"
  }
},
{
  "model": "wallet.wallettransaction",
  "pk": 44,
  "fields": {
    "wallet": 1,
    "transaction_type": "credit",
    "amount": "842.40",
    "order": 64,
    "status": "completed",
    "description": "Refund for cancelled item sz1064-2",
    "created_at": "2025-12-29T13:55:13.604Z"
  }
},
{
  "model": "wallet.wallettransaction",
  "pk": 45,
  "fields": {
    "wallet": 1,
    "transaction_type": "debit",
    "amount": "2560.60",
    "order": 65,
    "status": "completed",
    "description": "Order payment via wallet",
    "created_at": "2025-12-29T13:57:40.713Z"
  }
},
{
  "model": "wallet.wallettransaction",
  "pk": 46,
  "fields": {
    "wallet": 1,
    "transaction_type": "credit",
    "amount": "849.60",
    "order": 65,
    "status": "completed",
    "description": "Refund for cancelled item sz1065-1",
    "created_at": "2025-12-29T13:57:54.820Z"
  }
},
{
  "model": "wallet.wallettransaction",
  "pk": 47,
  "fields": {
    "wallet": 1,
    "transaction_type": "credit",
    "amount": "2360.00",
    "order": 73,
    "status": "completed",
    "description": "Refund for cancelled item sz1073-1",
    "created_at": "2025-12-30T08:18:32.690Z"
  }
},
{
  "model": "wallet.wallettransaction",
  "pk": 48,
  "fields": {
    "wallet": 1,
    "transaction_type": "credit",
    "amount": "1337.16",
    "order": 77,
    "status": "completed",
    "description": "Refund for cancelled item sz1077-1",
    "created_at": "2025-12-30T08:58:44.121Z"
  }
},
{
  "model": "wallet.wallettransaction",
  "pk": 51,
  "fields": {
    "wallet": 1,
    "transaction_type": "credit",
    "amount": "2360.00",
    "order": 82,
    "status": "completed",
    "description": "Refund for returned item sz1082-1",
    "created_at": "2025-12-30T12:26:00.654Z"
  }
},
{
  "model": "wallet.wallettransaction",
  "pk": 52,
  "fields": {
    "wallet": 1,
    "transaction_type": "credit",
    "amount": "2360.00",
    "order": 81,
    "status": "completed",
    "description": "Refund for returned item sz1081-1",
    "created_at": "2025-12-30T12:47:55.805Z"
  }
},
{
  "model": "wallet.wallettransaction",
  "pk": 53,
  "fields": {
    "wallet": 1,
    "transaction_type": "credit",
    "amount": "863.26",
    "order": 83,
    "status": "completed",
    "description": "Refund for cancelled item sz1083-1",
    "created_at": "2025-12-30T12:50:34.878Z"
  }
},
{
  "model": "wallet.wallettransaction",
  "pk": 54,
  "fields": {
    "wallet": 1,
    "transaction_type": "credit",
    "amount": "0.00",
    "order": 83,
    "status": "completed",
    "description": "Refund for returned item sz1083-2",
    "created_at": "2025-12-30T12:51:01.481Z"
  }
},
{
  "model": "wallet.wallettransaction",
  "pk": 55,
  "fields": {
    "wallet": 1,
    "transaction_type": "credit",
    "amount": "1375.24",
    "order": 85,
    "status": "completed",
    "description": "Refund for returned item sz1085-1",
    "created_at": "2025-12-30T13:02:13.656Z"
  }
},
{
  "model": "wallet.wallettransaction",
  "pk": 57,
  "fields": {
    "wallet": 1,
    "transaction_type": "debit",
    "amount": "1593.00",
    "order": 87,
    "status": "completed",
    "description": "Order payment via wallet",
    "created_at": "2025-12-30T15:41:47.400Z"
  }
},
{
  "model": "wallet.wallettransaction",
  "pk": 58,
  "fields": {
    "wallet": 2,
    "transaction_type": "credit",
    "amount": "2236.16",
    "order": 88,
    "status": "completed",
    "description": "Refund for cancelled item sz1088-1",
    "created_at": "2025-12-31T06:04:03.842Z"
  }
},
{
  "model": "wallet.wallettransaction",
  "pk": 59,
  "fields": {
    "wallet": 1,
    "transaction_type": "credit",
    "amount": "2005.83",
    "order": 89,
    "status": "completed",
    "description": "Refund for cancelled item sz1089-1",
    "created_at": "2025-12-31T08:48:09.968Z"
  }
},
{
  "model": "wallet.wallettransaction",
  "pk": 60,
  "fields": {
    "wallet": 1,
    "transaction_type": "credit",
    "amount": "1538.56",
    "order": 89,
    "status": "completed",
    "description": "Refund for returned item sz1089-2",
    "created_at": "2025-12-31T08:51:32.568Z"
  }
},
{
  "model": "wallet.wallettransaction",
  "pk": 61,
  "fields": {
    "wallet": 1,
    "transaction_type": "debit",
    "amount": "1593.00",
    "order": 90,
    "status": "completed",
    "description": "Order payment via wallet",
    "created_at": "2025-12-31T08:52:20.158Z"
  }
},
{
  "model": "wallet.wallettransaction",
  "pk": 62,
  "fields": {
    "wallet": 1,
    "transaction_type": "credit",
    "amount": "2986.00",
    "order": 112,
    "status": "completed",
    "description": "Refund for cancelled item sz1112-1",
    "created_at": "2026-01-05T14:30:15.568Z"
  }
},
{
  "model": "wallet.wallettransaction",
  "pk": 63,
  "fields": {
    "wallet": 1,
    "transaction_type": "credit",
    "amount": "3291.96",
    "order": 113,
    "status": "completed",
    "description": "Refund for returned item sz1113-2",
    "created_at": "2026-01-05T14:39:12.403Z"
  }
},
{
  "model": "wallet.wallettransaction",
  "pk": 64,
  "fields": {
    "wallet": 1,
    "transaction_type": "credit",
    "amount": "11800.00",
    "order": 111,
    "status": "completed",
    "description": "Refund for cancelled item sz1111-1",
    "created_at": "2026-01-05T14:39:53.317Z"
  }
},
{
  "model": "wallet.wallettransaction",
  "pk": 65,
  "fields": {
    "wallet": 1,
    "transaction_type": "credit",
    "amount": "1800.00",
    "order": 110,
    "status": "completed",
    "description": "Refund for cancelled item sz1110-1",
    "created_at": "2026-01-05T14:40:07.852Z"
  }
},
{
  "model": "wallet.wallettransaction",
  "pk": 66,
  "fields": {
    "wallet": 1,
    "transaction_type": "credit",
    "amount": "1180.51",
    "order": 107,
    "status": "completed",
    "description": "Refund for cancelled item sz1107-1",
    "created_at": "2026-01-05T14:40:20.668Z"
  }
},
{
  "model": "wallet.wallettransaction",
  "pk": 67,
  "fields": {
    "wallet": 1,
    "transaction_type": "credit",
    "amount": "10715.00",
    "order": 104,
    "status": "completed",
    "description": "Refund for cancelled item sz1104-1",
    "created_at": "2026-01-05T14:41:12.564Z"
  }
},
{
  "model": "wallet.wallettransaction",
  "pk": 68,
  "fields": {
    "wallet": 1,
    "transaction_type": "credit",
    "amount": "11800.00",
    "order": 105,
    "status": "completed",
    "description": "Refund for cancelled item sz1105-1",
    "created_at": "2026-01-05T14:41:24.691Z"
  }
},
{
  "model": "wallet.wallettransaction",
  "pk": 69,
  "fields": {
    "wallet": 1,
    "transaction_type": "credit",
    "amount": "2702.80",
    "order": 106,
    "status": "completed",
    "description": "Refund for cancelled item sz1106-1",
    "created_at": "2026-01-05T14:42:00.456Z"
  }
},
{
  "model": "wallet.wallettransaction",
  "pk": 70,
  "fields": {
    "wallet": 1,
    "transaction_type": "credit",
    "amount": "1770.84",
    "order": 113,
    "status": "completed",
    "description": "Refund for cancelled item sz1113-1",
    "created_at": "2026-01-06T04:06:56.156Z"
  }
},
{
  "model": "wallet.wallettransaction",
  "pk": 71,
  "fields": {
    "wallet": 1,
    "transaction_type": "credit",
    "amount": "2160.00",
    "order": 114,
    "status": "completed",
    "description": "Refund for cancelled item sz1114-1",
    "created_at": "2026-01-06T04:08:24.289Z"
  }
},
{
  "model": "wallet.wallettransaction",
  "pk": 72,
  "fields": {
    "wallet": 1,
    "transaction_type": "debit",
    "amount": "7588.00",
    "order": 115,
    "status": "completed",
    "description": "Order payment via wallet",
    "created_at": "2026-01-06T04:08:56.176Z"
  }
},
{
  "model": "wallet.wallettransaction",
  "pk": 73,
  "fields": {
    "wallet": 1,
    "transaction_type": "credit",
    "amount": "2989.21",
    "order": 115,
    "status": "completed",
    "description": "Refund for cancelled item sz1115-1",
    "created_at": "2026-01-06T04:10:41.249Z"
  }
},
{
  "model": "wallet.wallettransaction",
  "pk": 74,
  "fields": {
    "wallet": 1,
    "transaction_type": "credit",
    "amount": "4598.79",
    "order": 115,
    "status": "completed",
    "description": "Refund for cancelled item sz1115-2",
    "created_at": "2026-01-06T04:25:29.735Z"
  }
},
{
  "model": "wallet.wallettransaction",
  "pk": 75,
  "fields": {
    "wallet": 1,
    "transaction_type": "debit",
    "amount": "7704.82",
    "order": 116,
    "status": "completed",
    "description": "Order payment via wallet",
    "created_at": "2026-01-06T04:26:29.338Z"
  }
},
{
  "model": "wallet.wallettransaction",
  "pk": 76,
  "fields": {
    "wallet": 1,
    "transaction_type": "credit",
    "amount": "4370.55",
    "order": 116,
    "status": "completed",
    "description": "Refund for returned item sz1116-2",
    "created_at": "2026-01-06T04:28:10.937Z"
  }
},
{
  "model": "wallet.wallettransaction",
  "pk": 77,
  "fields": {
    "wallet": 1,
    "transaction_type": "debit",
    "amount": "5228.00",
    "order": 117,
    "status": "completed",
    "description": "Order payment via wallet",
    "created_at": "2026-01-06T04:48:26.898Z"
  }
},
{
  "model": "wallet.wallettransaction",
  "pk": 78,
  "fields": {
    "wallet": 1,
    "transaction_type": "credit",
    "amount": "2954.96",
    "order": 117,
    "status": "completed",
    "description": "Refund for cancelled item sz1117-2",
    "created_at": "2026-01-06T04:48:35.314Z"
  }
},
{
  "model": "wallet.wallettransaction",
  "pk": 79,
  "fields": {
    "wallet": 1,
    "transaction_type": "credit",
    "amount": "3068.00",
    "order": 118,
    "status": "completed",
    "description": "Refund for cancelled item sz1118-2",
    "created_at": "2026-01-06T04:50:00.881Z"
  }
},
{
  "model": "wallet.wallettransaction",
  "pk": 80,
  "fields": {
    "wallet": 1,
    "transaction_type": "credit",
    "amount": "2273.04",
    "order": 117,
    "status": "completed",
    "description": "Refund for cancelled item sz1117-1",
    "created_at": "2026-01-06T04:56:21.835Z"
  }
},
{
  "model": "wallet.wallettransaction",
  "pk": 81,
  "fields": {
    "wallet": 1,
    "transaction_type": "debit",
    "amount": "6313.00",
    "order": 119,
    "status": "completed",
    "description": "Order payment via wallet",
    "created_at": "2026-01-06T12:12:49.582Z"
  }
},
{
  "model": "wallet.wallettransaction",
  "pk": 82,
  "fields": {
    "wallet": 1,
    "transaction_type": "debit",
    "amount": "4368.36",
    "order": 123,
    "status": "completed",
    "description": "Order payment via wallet",
    "created_at": "2026-01-07T09:40:17.510Z"
  }
},
{
  "model": "wallet.wallettransaction",
  "pk": 83,
  "fields": {
    "wallet": 1,
    "transaction_type": "debit",
    "amount": "2480.40",
    "order": 125,
    "status": "completed",
    "description": "Order payment via wallet",
    "created_at": "2026-01-07T23:07:35.601Z"
  }
},
{
  "model": "wallet.wallettransaction",
  "pk": 84,
  "fields": {
    "wallet": 1,
    "transaction_type": "debit",
    "amount": "4302.00",
    "order": 126,
    "status": "completed",
    "description": "Order payment via wallet",
    "created_at": "2026-01-07T23:09:48.465Z"
  }
},
{
  "model": "wallet.wallettransaction",
  "pk": 85,
  "fields": {
    "wallet": 1,
    "transaction_type": "credit",
    "amount": "4302.00",
    "order": 126,
    "status": "completed",
    "description": "Refund for returned item sz1126-1",
    "created_at": "2026-01-07T23:27:58.137Z"
  }
},
{
  "model": "wallet.wallettransaction",
  "pk": 86,
  "fields": {
    "wallet": 4,
    "transaction_type": "credit",
    "amount": "1524.93",
    "order": 127,
    "status": "completed",
    "description": "Refund for cancelled item sz1127-3",
    "created_at": "2026-01-08T03:48:12.480Z"
  }
},
{
  "model": "wallet.wallettransaction",
  "pk": 87,
  "fields": {
    "wallet": 4,
    "transaction_type": "credit",
    "amount": "2259.16",
    "order": 127,
    "status": "completed",
    "description": "Refund for returned item sz1127-1",
    "created_at": "2026-01-08T03:51:36.870Z"
  }
},
{
  "model": "wallet.wallettransaction",
  "pk": 88,
  "fields": {
    "wallet": 4,
    "transaction_type": "debit",
    "amount": "2360.00",
    "order": 128,
    "status": "completed",
    "description": "Order payment via wallet",
    "created_at": "2026-01-08T03:53:31.756Z"
  }
},
{
  "model": "wallet.wallettransaction",
  "pk": 89,
  "fields": {
    "wallet": 1,
    "transaction_type": "debit",
    "amount": "7546.00",
    "order": 130,
    "status": "completed",
    "description": "Order payment via wallet",
    "created_at": "2026-01-10T13:17:39.966Z"
  }
},
{
  "model": "wallet.wallettransaction",
  "pk": 90,
  "fields": {
    "wallet": 1,
    "transaction_type": "debit",
    "amount": "28320.00",
    "order": 131,
    "status": "completed",
    "description": "Order payment via wallet",
    "created_at": "2026-01-12T04:17:35.750Z"
  }
},
{
  "model": "wallet.wallettransaction",
  "pk": 91,
  "fields": {
    "wallet": 3,
    "transaction_type": "credit",
    "amount": "14160.00",
    "order": 132,
    "status": "completed",
    "description": "Refund for returned item sz1132-2",
    "created_at": "2026-01-12T09:50:40.030Z"
  }
},
{
  "model": "wallet.wallettransaction",
  "pk": 92,
  "fields": {
    "wallet": 3,
    "transaction_type": "credit",
    "amount": "849.60",
    "order": 132,
    "status": "completed",
    "description": "Refund for returned item sz1132-1",
    "created_at": "2026-01-12T09:51:02.537Z"
  }
},
{
  "model": "wallet.wallettransaction",
  "pk": 93,
  "fields": {
    "wallet": 3,
    "transaction_type": "debit",
    "amount": "14160.00",
    "order": 135,
    "status": "completed",
    "description": "Order payment via wallet",
    "created_at": "2026-01-12T11:31:12.332Z"
  }
},
{
  "model": "wallet.wallettransaction",
  "pk": 94,
  "fields": {
    "wallet": 3,
    "transaction_type": "credit",
    "amount": "849.60",
    "order": 137,
    "status": "completed",
    "description": "Refund for cancelled item sz1137-1",
    "created_at": "2026-01-12T11:53:18.006Z"
  }
},
{
  "model": "wallet.wallettransaction",
  "pk": 95,
  "fields": {
    "wallet": 3,
    "transaction_type": "credit",
    "amount": "28320.00",
    "order": 138,
    "status": "completed",
    "description": "Refund for returned item sz1138-1",
    "created_at": "2026-01-13T12:07:13.258Z"
  }
},
{
  "model": "wallet.wallettransaction",
  "pk": 96,
  "fields": {
    "wallet": 3,
    "transaction_type": "debit",
    "amount": "3061.00",
    "order": 139,
    "status": "completed",
    "description": "Order payment via wallet",
    "created_at": "2026-01-13T13:36:45.971Z"
  }
},
{
  "model": "wallet.wallettransaction",
  "pk": 97,
  "fields": {
    "wallet": 3,
    "transaction_type": "credit",
    "amount": "1711.00",
    "order": 139,
    "status": "completed",
    "description": "Refund for cancelled item sz1139-1",
    "created_at": "2026-01-13T13:36:58.044Z"
  }
},
{
  "model": "wallet.wallettransaction",
  "pk": 98,
  "fields": {
    "wallet": 3,
    "transaction_type": "credit",
    "amount": "10915.00",
    "order": 140,
    "status": "completed",
    "description": "Refund for cancelled item sz1140-1",
    "created_at": "2026-01-14T06:34:11.602Z"
  }
},
{
  "model": "wallet.wallettransaction",
  "pk": 99,
  "fields": {
    "wallet": 3,
    "transaction_type": "credit",
    "amount": "5133.00",
    "order": 141,
    "status": "completed",
    "description": "Refund for cancelled item sz1141-1",
    "created_at": "2026-01-14T06:40:19.915Z"
  }
},
{
  "model": "wallet.wallettransaction",
  "pk": 100,
  "fields": {
    "wallet": 3,
    "transaction_type": "credit",
    "amount": "7965.00",
    "order": 140,
    "status": "completed",
    "description": "Refund for returned item sz1140-2",
    "created_at": "2026-01-14T06:41:30.440Z"
  }
},
{
  "model": "wallet.wallettransaction",
  "pk": 101,
  "fields": {
    "wallet": 3,
    "transaction_type": "credit",
    "amount": "3068.00",
    "order": 142,
    "status": "completed",
    "description": "Refund for returned item sz1142-2",
    "created_at": "2026-01-14T06:44:27.073Z"
  }
},
{
  "model": "wallet.wallettransaction",
  "pk": 102,
  "fields": {
    "wallet": 3,
    "transaction_type": "credit",
    "amount": "3068.00",
    "order": 143,
    "status": "completed",
    "description": "Refund for cancelled item sz1143-2",
    "created_at": "2026-01-14T06:51:44.747Z"
  }
},
{
  "model": "wallet.wallettransaction",
  "pk": 103,
  "fields": {
    "wallet": 3,
    "transaction_type": "credit",
    "amount": "9204.00",
    "order": 144,
    "status": "completed",
    "description": "Refund for cancelled item sz1144-2",
    "created_at": "2026-01-14T06:53:23.006Z"
  }
},
{
  "model": "wallet.wallettransaction",
  "pk": 104,
  "fields": {
    "wallet": 3,
    "transaction_type": "debit",
    "amount": "23822.00",
    "order": 145,
    "status": "completed",
    "description": "Order payment via wallet",
    "created_at": "2026-01-14T07:02:45.692Z"
  }
},
{
  "model": "wallet.wallettransaction",
  "pk": 105,
  "fields": {
    "wallet": 3,
    "transaction_type": "credit",
    "amount": "11677.45",
    "order": 145,
    "status": "completed",
    "description": "Refund for cancelled item sz1145-1",
    "created_at": "2026-01-14T07:04:30.706Z"
  }
},
{
  "model": "wallet.wallettransaction",
  "pk": 106,
  "fields": {
    "wallet": 3,
    "transaction_type": "debit",
    "amount": "18394.00",
    "order": 146,
    "status": "completed",
    "description": "Order payment via wallet",
    "created_at": "2026-01-14T07:09:48.942Z"
  }
},
{
  "model": "wallet.wallettransaction",
  "pk": 107,
  "fields": {
    "wallet": 3,
    "transaction_type": "credit",
    "amount": "9080.58",
    "order": 146,
    "status": "completed",
    "description": "Refund for returned item sz1146-2",
    "created_at": "2026-01-14T07:11:40.635Z"
  }
},
{
  "model": "wallet.wallettransaction",
  "pk": 108,
  "fields": {
    "wallet": 3,
    "transaction_type": "credit",
    "amount": "11652.94",
    "order": 147,
    "status": "completed",
    "description": "Refund for cancelled item sz1147-1",
    "created_at": "2026-01-14T07:16:33.717Z"
  }
},
{
  "model": "wallet.wallettransaction",
  "pk": 109,
  "fields": {
    "wallet": 3,
    "transaction_type": "debit",
    "amount": "19052.00",
    "order": 148,
    "status": "completed",
    "description": "Order payment via wallet",
    "created_at": "2026-01-14T07:17:48.690Z"
  }
},
{
  "model": "wallet.wallettransaction",
  "pk": 110,
  "fields": {
    "wallet": 3,
    "transaction_type": "credit",
    "amount": "6970.24",
    "order": 148,
    "status": "completed",
    "description": "Refund for returned item sz1148-2",
    "created_at": "2026-01-14T07:19:21.424Z"
  }
},
{
  "model": "wallet.wallettransaction",
  "pk": 111,
  "fields": {
    "wallet": 7,
    "transaction_type": "credit",
    "amount": "1413.32",
    "order": 151,
    "status": "completed",
    "description": "Refund for cancelled item sz1151-1",
    "created_at": "2026-01-15T05:27:08.845Z"
  }
},
{
  "model": "wallet.wallettransaction",
  "pk": 112,
  "fields": {
    "wallet": 8,
    "transaction_type": "credit",
    "amount": "1593.00",
    "order": 153,
    "status": "completed",
    "description": "Refund for cancelled item sz1153-1",
    "created_at": "2026-01-15T11:24:51.641Z"
  }
},
{
  "model": "wishlist.wishlist",
  "pk": 4,
  "fields": {
    "user": [
      "dt@mailsac.com"
    ],
    "product": 24,
    "created_at": "2025-12-31T06:24:39.596Z"
  }
},
{
  "model": "reviews.productreview",
  "pk": 1,
  "fields": {
    "user": [
      "bt@mailsac.com"
    ],
    "product": 26,
    "order_item": 164,
    "rating": 4,
    "comment": "aqwsdwqsdxwqa sedwasedx",
    "created_at": "2026-01-10T13:08:03.731Z"
  }
},
{
  "model": "reviews.productreview",
  "pk": 2,
  "fields": {
    "user": [
      "bt@mailsac.com"
    ],
    "product": 22,
    "order_item": 175,
    "rating": 3,
    "comment": "dsfh g sdjhfkd egfb",
    "created_at": "2026-01-10T13:19:38.357Z"
  }
},
{
  "model": "reviews.productreview",
  "pk": 3,
  "fields": {
    "user": [
      "bt@mailsac.com"
    ],
    "product": 27,
    "order_item": 176,
    "rating": 3,
    "comment": "the product was very cool good in quality ,but the packing is not good ",
    "created_at": "2026-01-12T04:24:32.912Z"
  }
},
{
  "model": "reviews.productreview",
  "pk": 4,
  "fields": {
    "user": [
      "jarjun042000@gmail.com"
    ],
    "product": 27,
    "order_item": 178,
    "rating": 1,
    "comment": "not a good product\r\n",
    "created_at": "2026-01-12T05:23:32.736Z"
  }
},
{
  "model": "reviews.productreview",
  "pk": 5,
  "fields": {
    "user": [
      "jarjun042000@gmail.com"
    ],
    "product": 23,
    "order_item": 177,
    "rating": 4,
    "comment": "very good product",
    "created_at": "2026-01-12T05:23:46.942Z"
  }
},
{
  "model": "reviews.productreview",
  "pk": 6,
  "fields": {
    "user": [
      "jarjun042000@gmail.com"
    ],
    "product": 25,
    "order_item": 179,
    "rating": 4,
    "comment": "the product is good ",
    "created_at": "2026-01-12T05:24:01.803Z"
  }
},
{
  "model": "reviews.productreview",
  "pk": 7,
  "fields": {
    "user": [
      "jarjun042000@gmail.com"
    ],
    "product": 25,
    "order_item": 203,
    "rating": 4,
    "comment": "the product was good in  quality and price",
    "created_at": "2026-01-14T07:11:06.587Z"
  }
},
{
  "model": "reviews.productreview",
  "pk": 8,
  "fields": {
    "user": [
      "jarjun042000@gmail.com"
    ],
    "product": 25,
    "order_item": 207,
    "rating": 3,
    "comment": " the product was very good in quality",
    "created_at": "2026-01-14T07:18:49.033Z"
  }
},
{
  "model": "reviews.productreview",
  "pk": 9,
  "fields": {
    "user": [
      "ds@mailsac.com"
    ],
    "product": 24,
    "order_item": 208,
    "rating": 3,
    "comment": "this is a review by abhin",
    "created_at": "2026-01-14T09:10:59.233Z"
  }
},
{
  "model": "reviews.productreview",
  "pk": 10,
  "fields": {
    "user": [
      "bts@mailsac.com"
    ],
    "product": 24,
    "order_item": 211,
    "rating": 3,
    "comment": "the product was good",
    "created_at": "2026-01-15T05:35:32.395Z"
  }
},
{
  "model": "referal.referral",
  "pk": 1,
  "fields": {
    "referrer": [
      "jarjun042000@gmail.com"
    ],
    "token": "5aef51ed-139e-4502-aa22-73c68f1bf37a",
    "is_used": true,
    "referred_user": [
      "mkl@mailsac.com"
    ],
    "created_at": "2026-01-12T06:42:31.745Z"
  }
},
{
  "model": "referal.referral",
  "pk": 2,
  "fields": {
    "referrer": [
      "jarjun042000@gmail.com"
    ],
    "token": "08ea3b7b-969e-40d2-8d4e-2ff6035527d5",
    "is_used": false,
    "referred_user": null,
    "created_at": "2026-01-12T07:06:35.195Z"
  }
},
{
  "model": "referal.referral",
  "pk": 3,
  "fields": {
    "referrer": [
      "bt@mailsac.com"
    ],
    "token": "1a328f98-9365-4696-ae3f-3c74d81d1c3c",
    "is_used": false,
    "referred_user": null,
    "created_at": "2026-01-13T13:32:19.378Z"
  }
},
{
  "model": "referal.referral",
  "pk": 4,
  "fields": {
    "referrer": [
      "gb@mailsac.com"
    ],
    "token": "a13f8d34-5257-40f4-b426-84f5145a5339",
    "is_used": false,
    "referred_user": null,
    "created_at": "2026-01-14T07:54:10.843Z"
  }
},
{
  "model": "referal.referral",
  "pk": 5,
  "fields": {
    "referrer": [
      "ds@mailsac.com"
    ],
    "token": "9ed26184-dd40-41cf-ab76-1bcb8f787880",
    "is_used": false,
    "referred_user": null,
    "created_at": "2026-01-14T09:27:08.357Z"
  }
},
{
  "model": "referal.referral",
  "pk": 6,
  "fields": {
    "referrer": [
      "bts@mailsac.com"
    ],
    "token": "4e2dbe90-5c59-4b25-9023-ade89edd1d2f",
    "is_used": false,
    "referred_user": null,
    "created_at": "2026-01-15T04:51:45.034Z"
  }
},
{
  "model": "sites.site",
  "fields": {
    "domain": "example.com",
    "name": "example.com"
  }
},
{
  "model": "account.emailaddress",
  "pk": 1,
  "fields": {
    "user": [
      "jarjun042000@gmail.com"
    ],
    "email": "jarjun042000@gmail.com",
    "verified": true,
    "primary": true
  }
},
{
  "model": "socialaccount.socialaccount",
  "pk": 1,
  "fields": {
    "user": [
      "jarjun042000@gmail.com"
    ],
    "provider": "google",
    "uid": "100603450482723294614",
    "last_login": "2026-01-15T09:13:10.744Z",
    "date_joined": "2025-11-15T05:03:22.536Z",
    "extra_data": {
      "aud": "1013865657780-oh25n48bmqs1sjh20hef0498atglotg6.apps.googleusercontent.com",
      "azp": "1013865657780-oh25n48bmqs1sjh20hef0498atglotg6.apps.googleusercontent.com",
      "exp": 1768471990,
      "iat": 1768468390,
      "iss": "https://accounts.google.com",
      "sub": "100603450482723294614",
      "name": "arjun j",
      "email": "jarjun042000@gmail.com",
      "at_hash": "_GKkgVtc_6VVrdrZ0494DQ",
      "picture": "https://lh3.googleusercontent.com/a/ACg8ocLk4oeBTNJje-aeso2wugu_r1MNA7U_FonS0o2pVhXuxAVbpw=s96-c",
      "given_name": "arjun",
      "family_name": "j",
      "email_verified": true
    }
  }
}
]
